START_DATE,END_DATE,CATEGORY,START,STOP,MILES,PURPOSE
2023-01-01 21:11,2023-01-01 21:17,Business,Jaipur,Rajkot,5.1,Meal/Entertain
2023-01-02 01:25,2023-01-02 01:37,Business,Srinagar,Bhopal,5.0,Errand/Supplies
2023-01-02 20:25,2023-01-02 20:38,Business,Ludhiana,Hyderabad,4.8,Errand/Supplies
2023-01-05 17:31,2023-01-05 17:45,Business,Nagpur,Kalyan,4.7,Meeting
2023-01-06 14:42,2023-01-06 15:49,Business,Chandigarh,Chandigarh,63.7,Customer Visit
2023-01-06 17:15,2023-01-06 17:19,Business,Gwalior,Allahabad,4.3,Meal/Entertain
2023-01-06 17:30,2023-01-06 17:35,Business,Tiruchirappalli,Tiruchirappalli,7.1,Meeting
2023-01-07 13:27,2023-01-07 13:33,Business,Navi Mumbai,Lucknow,0.8,Meeting
2023-01-10 08:05,2023-01-10 08:25,Business,Jodhpur,Coimbatore,8.3,Meeting
2023-01-10 12:17,2023-01-10 12:44,Business,Rajkot,Lucknow,16.5,Customer Visit
2023-01-10 15:08,2023-01-10 15:51,Business,Lucknow,Kanpur,10.8,Meeting
2023-01-10 18:18,2023-01-10 18:53,Business,Vijayawada,Jabalpur,7.5,Meeting
2023-01-10 19:12,2023-01-10 19:32,Business,Delhi,Hubli,6.2,Meeting
2023-01-11 08:55,2023-01-11 09:21,Business,Faridabad,Faridabad,6.4,Temporary Site
2023-01-11 11:56,2023-01-11 12:03,Business,Madurai,Chennai,1.6,Errand/Supplies
2023-01-11 13:32,2023-01-11 13:46,Business,Nashik,Indore,1.7,Meal/Entertain
2023-01-11 14:30,2023-01-11 14:43,Business,Kalyan,Lucknow,1.9,Meal/Entertain
2023-01-12 12:33,2023-01-12 12:49,Business,Solapur,Madurai,1.9,Meal/Entertain
2023-01-12 12:53,2023-01-12 13:09,Business,Kalyan,Delhi,4.0,Meal/Entertain
2023-01-12 14:42,2023-01-12 14:56,Business,Tiruchirappalli,Kanpur,1.8,Errand/Supplies
2023-01-12 15:13,2023-01-12 15:28,Business,Vasai,Ghaziabad,2.4,Customer Visit
2023-01-12 15:42,2023-01-12 15:54,Business,Jabalpur,Bhopal,2.0,Errand/Supplies
2023-01-12 16:02,2023-01-12 17:00,Business,Raipur,Tiruchirappalli,15.1,Meeting
2023-01-13 13:54,2023-01-13 14:07,Business,Chennai,Ahmedabad,11.2,Meeting
2023-01-13 15:00,2023-01-13 15:28,Business,Ludhiana,Gwalior,11.8,Meeting
2023-01-14 16:29,2023-01-14 17:05,Business,Visakhapatnam,Kota,21.9,Customer Visit
2023-01-14 21:39,2023-01-14 21:45,Business,Nashik,Lucknow,3.9,Errand/Supplies
2023-01-15 00:41,2023-01-15 01:01,Business,Varanasi,Patna,8.0,Errand/Supplies
2023-01-15 11:43,2023-01-15 12:03,Business,Patna,Jaipur,10.4,Meal/Entertain
2023-01-15 13:26,2023-01-15 13:44,Business,Jaipur,Lucknow,10.4,Meal/Entertain
2023-01-18 14:55,2023-01-18 15:06,Business,Ghaziabad,Chennai,4.8,Meal/Entertain
2023-01-18 16:13,2023-01-18 16:24,Business,Aurangabad,Kota,4.7,Meal/Entertain
2023-01-19 09:09,2023-01-19 09:23,Business,Chandigarh,Lucknow,7.2,Meeting
2023-01-19 10:55,2023-01-19 11:09,Business,Jabalpur,Dhanbad,7.6,Temporary Site
2023-01-20 10:36,2023-01-20 11:11,Business,Indore,Pune,17.1,Meeting
2023-01-20 11:48,2023-01-20 12:19,Business,Raipur,Rajkot,15.1,Meeting
2023-01-20 13:25,2023-01-20 14:19,Business,Coimbatore,Coimbatore,40.2,Customer Visit
2023-01-21 14:25,2023-01-21 14:29,Business,Nagpur,Coimbatore,1.6,Errand/Supplies
2023-01-21 14:43,2023-01-21 14:51,Business,Coimbatore,Bhopal,2.4,Meal/Entertain
2023-01-21 16:01,2023-01-21 16:06,Business,Jaipur,Mysore,1.0,Meal/Entertain
2023-01-26 10:41,2023-01-26 10:50,Business,Madurai,Kanpur,2.0,Meal/Entertain
2023-01-26 12:33,2023-01-26 12:41,Business,Indore,Coimbatore,2.3,Errand/Supplies
2023-01-26 16:24,2023-01-26 16:32,Business,Chennai,Bangalore,1.9,Errand/Supplies
2023-01-26 17:17,2023-01-26 17:22,Business,Vijayawada,Rajkot,1.4,Errand/Supplies
2023-01-26 17:27,2023-01-26 17:29,Business,Pune,Lucknow,0.5,Errand/Supplies
2023-01-27 09:24,2023-01-27 09:31,Business,Navi Mumbai,Vadodara,1.8,Meeting
2023-01-27 10:19,2023-01-27 10:48,Business,Lucknow,Hyderabad,18.7,Customer Visit
2023-01-27 12:34,2023-01-27 12:44,Business,Chennai,Pune,3.4,Customer Visit
2023-01-27 14:05,2023-01-27 14:13,Business,Ranchi,Pune,2.7,Customer Visit
2023-01-27 14:46,2023-01-27 15:08,Business,Chennai,Srinagar,12.9,Customer Visit
2023-01-28 12:28,2023-01-28 13:00,Business,Kanpur,Varanasi,19.0,Temporary Site
2023-01-28 15:11,2023-01-28 15:31,Business,Chennai,Amritsar,14.7,Meeting
2023-01-28 16:21,2023-01-28 16:51,Business,Varanasi,Mysore,15.7,Meeting
2023-01-29 09:31,2023-01-29 09:45,Business,Hyderabad,Vadodara,4.6,Customer Visit
2023-01-29 10:56,2023-01-29 11:07,Business,Bhopal,Agra,5.2,Meeting
2023-01-29 11:43,2023-01-29 12:03,Business,Chennai,Bhopal,10.4,Meeting
2023-01-29 13:24,2023-01-29 13:47,Business,Ahmedabad,Hyderabad,10.1,Meeting
2023-01-29 18:31,2023-01-29 18:52,Business,Dhanbad,Ranchi,5.8,Errand/Supplies
2023-01-29 21:21,2023-01-29 21:40,Business,Patna,Nashik,5.5,Meal/Entertain
2023-01-30 16:21,2023-01-30 16:33,Business,Aurangabad,Ahmedabad,5.7,Errand/Supplies
2023-01-30 18:09,2023-01-30 18:24,Business,Jabalpur,Jaipur,5.7,Customer Visit
2023-02-01 10:35,2023-02-01 11:15,Business,Hubli,Bangalore,19.4,Customer Visit
2023-02-01 12:10,2023-02-01 12:43,Business,Jodhpur,Chennai,23.3,Customer Visit
2023-02-01 12:56,2023-02-01 13:07,Business,Guwahati,Faridabad,3.9,Meal/Entertain
2023-02-02 13:04,2023-02-02 13:23,Business,Patna,Navi Mumbai,8.3,Meeting
2023-02-02 13:51,2023-02-02 14:06,Business,Indore,Madurai,6.0,Errand/Supplies
2023-02-02 14:38,2023-02-02 14:42,Business,Patna,Navi Mumbai,1.6,Errand/Supplies
2023-02-04 08:40,2023-02-04 09:01,Business,Visakhapatnam,Varanasi,5.2,Errand/Supplies
2023-02-04 09:37,2023-02-04 10:09,Business,Visakhapatnam,Varanasi,9.7,Meal/Entertain
2023-02-04 10:26,2023-02-04 10:32,Business,Aurangabad,Delhi,1.6,Meal/Entertain
2023-02-04 15:59,2023-02-04 16:03,Business,Allahabad,Mysore,1.1,Meal/Entertain
2023-02-04 16:35,2023-02-04 16:39,Business,Delhi,Thane,1.6,Meal/Entertain
2023-02-04 18:04,2023-02-04 18:31,Business,Srinagar,Jabalpur,9.0,Meeting
2023-02-04 20:36,2023-02-04 20:55,Business,Pune,Ludhiana,7.7,Meeting
2023-02-05 11:47,2023-02-05 12:07,Business,Hubli,Hyderabad,10.4,Meeting
2023-02-05 13:22,2023-02-05 13:41,Business,Varanasi,Lucknow,10.4,Meeting
2023-02-06 16:20,2023-02-06 16:53,Business,Meerut,Vadodara,11.4,Between Offices
2023-02-06 18:57,2023-02-06 19:21,Business,Faridabad,Delhi,9.0,Errand/Supplies
2023-02-06 19:28,2023-02-06 19:37,Business,Navi Mumbai,Delhi,3.2,Meal/Entertain
2023-02-07 16:49,2023-02-07 17:01,Business,Amritsar,Guwahati,5.6,Errand/Supplies
2023-02-07 18:03,2023-02-07 18:17,Business,Chennai,Vasai,5.7,Customer Visit
2023-02-07 18:39,2023-02-07 18:53,Business,Mysore,Madurai,6.1,Temporary Site
2023-02-07 20:22,2023-02-07 20:40,Business,Amritsar,Navi Mumbai,6.1,Meeting
2023-02-08 12:57,2023-02-08 13:08,Business,Madurai,Kolkata,4.3,Meal/Entertain
2023-02-08 14:00,2023-02-08 14:10,Business,Allahabad,Jabalpur,2.7,Meal/Entertain
2023-02-09 10:54,2023-02-09 11:07,Personal,Rajkot,Allahabad,5.3,Meeting
2023-02-09 11:43,2023-02-09 11:50,Personal,Mysore,Navi Mumbai,3.0,Customer Visit
2023-02-09 13:36,2023-02-09 13:52,Personal,Aurangabad,Mysore,5.1,Meal/Entertain
2023-02-09 13:58,2023-02-09 14:02,Personal,Patna,Chandigarh,1.5,Meal/Entertain
2023-02-09 18:55,2023-02-09 19:11,Business,Agra,Rajkot,6.1,Customer Visit
2023-02-09 20:24,2023-02-09 20:40,Business,Amritsar,Hubli,6.1,Meal/Entertain
2023-02-11 16:28,2023-02-11 17:10,Business,Navi Mumbai,Vijayawada,17.3,Meal/Entertain
2023-02-11 17:49,2023-02-11 18:10,Business,Ghaziabad,Madurai,5.7,Meal/Entertain
2023-02-11 18:24,2023-02-11 18:46,Business,Vijayawada,Mumbai,13.5,Temporary Site
2023-02-11 20:36,2023-02-11 20:51,Business,Thane,Jaipur,6.1,Temporary Site
2023-02-12 08:21,2023-02-12 08:42,Business,Lucknow,Hyderabad,8.5,Temporary Site
2023-02-12 10:45,2023-02-12 10:52,Business,Varanasi,Jodhpur,2.6,Temporary Site
2023-02-12 11:14,2023-02-12 11:35,Business,Ranchi,Hyderabad,17.0,Customer Visit
2023-02-12 13:02,2023-02-12 13:36,Business,Rajkot,Guwahati,18.0,Meeting
2023-02-12 14:49,2023-02-12 15:06,Business,Kanpur,Visakhapatnam,8.4,Meeting
2023-02-12 15:33,2023-02-12 16:06,Business,Srinagar,Kalyan,11.5,Customer Visit
2023-02-13 14:21,2023-02-13 14:41,Business,Dhanbad,Kalyan,8.9,Meeting
2023-02-13 23:45,2023-02-14 00:01,Personal,Kolkata,Thane,2.7,Customer Visit
2023-02-14 00:50,2023-02-14 01:00,Personal,Chandigarh,Solapur,1.8,Meeting
2023-02-14 14:07,2023-02-14 14:40,Business,Vadodara,Chennai,8.1,Meeting
2023-02-14 14:46,2023-02-14 15:03,Business,Meerut,Aurangabad,2.0,Meeting
2023-02-14 16:35,2023-02-14 17:02,Business,Rajkot,Mumbai,13.0,Meeting
2023-02-14 17:06,2023-02-14 17:29,Business,Jodhpur,Chennai,13.9,Meeting
2023-02-16 03:21,2023-02-16 04:13,Business,Chandigarh,Srinagar,43.7,Customer Visit
2023-02-16 08:29,2023-02-16 09:34,Business,Meerut,Ludhiana,14.1,Meeting
2023-02-16 10:31,2023-02-16 10:41,Business,Lucknow,Chandigarh,2.6,Meeting
2023-02-16 11:32,2023-02-16 12:02,Business,Agra,Chennai,4.5,Customer Visit
2023-02-16 12:39,2023-02-16 12:42,Business,Bhopal,Pune,1.7,Meeting
2023-02-16 13:43,2023-02-16 13:55,Business,Patna,Amritsar,1.8,Temporary Site
2023-02-16 16:34,2023-02-16 17:10,Business,Vijayawada,Tiruchirappalli,6.0,Errand/Supplies
2023-02-16 17:17,2023-02-16 17:26,Business,Nashik,Faridabad,1.1,Meal/Entertain
2023-02-16 17:40,2023-02-16 17:44,Business,Chennai,Nashik,3.6,Errand/Supplies
2023-02-17 13:18,2023-02-17 14:04,Business,Madurai,Bhopal,14.7,Temporary Site
2023-02-17 15:17,2023-02-17 15:22,Business,Bhopal,Kolkata,1.7,Meal/Entertain
2023-02-17 15:33,2023-02-17 16:17,Business,Jaipur,Jodhpur,21.4,Temporary Site
2023-02-17 16:38,2023-02-17 16:43,Business,Kalyan,Kanpur,0.5,Errand/Supplies
2023-02-18 08:19,2023-02-18 08:27,Business,Vadodara,Lucknow,23.5,Temporary Site
2023-02-18 14:03,2023-02-18 14:45,Business,Jabalpur,Agra,12.7,Temporary Site
2023-02-18 15:16,2023-02-18 15:31,Business,Visakhapatnam,Hubli,6.0,Temporary Site
2023-02-18 18:44,2023-02-18 18:58,Business,Nagpur,Jaipur,5.2,Customer Visit
2023-02-18 19:27,2023-02-18 20:08,Business,Mysore,Kalyan,10.0,Meeting
2023-02-19 09:02,2023-02-19 09:14,Business,Visakhapatnam,Rajkot,18.3,Meeting
2023-02-19 09:21,2023-02-19 09:51,Business,Raipur,Chandigarh,11.2,Meeting
2023-02-19 10:21,2023-02-19 10:48,Business,Raipur,Varanasi,7.6,Meeting
2023-02-19 11:20,2023-02-19 11:26,Personal,Vijayawada,Dhanbad,1.5,Errand/Supplies
2023-02-19 11:45,2023-02-19 11:50,Personal,Nagpur,Vadodara,1.0,Errand/Supplies
2023-02-19 12:09,2023-02-19 12:27,Business,Solapur,Jabalpur,7.3,Temporary Site
2023-02-19 16:26,2023-02-19 16:45,Business,Jabalpur,Aurangabad,3.5,Customer Visit
2023-02-19 17:09,2023-02-19 17:20,Business,Amritsar,Howrah,4.2,Meeting
2023-02-19 20:08,2023-02-19 20:30,Personal,Gwalior,Raipur,13.6,Meal/Entertain
2023-02-19 20:34,2023-02-19 20:51,Personal,Aurangabad,Navi Mumbai,2.5,Meal/Entertain
2023-02-20 07:59,2023-02-20 08:32,Personal,Varanasi,Agra,14.4,Meeting
2023-02-20 10:48,2023-02-20 10:56,Personal,Aurangabad,Coimbatore,3.0,Meal/Entertain
2023-02-20 11:45,2023-02-20 11:53,Personal,Ranchi,Nashik,1.5,Customer Visit
2023-02-20 12:41,2023-02-20 13:17,Business,Chandigarh,Madurai,18.4,Meeting
2023-02-20 14:50,2023-02-20 15:54,Business,Chennai,Allahabad,23.1,Meeting
2023-02-20 16:59,2023-02-20 17:54,Personal,Ranchi,Srinagar,16.5,Customer Visit
2023-02-20 18:00,2023-02-20 18:03,Business,Gwalior,Chandigarh,3.2,Errand/Supplies
2023-02-20 19:28,2023-02-20 19:49,Business,Vijayawada,Raipur,7.7,Errand/Supplies
2023-02-21 09:07,2023-02-21 09:46,Business,Meerut,Lucknow,14.5,Meeting
2023-02-21 11:39,2023-02-21 11:43,Business,Gwalior,Kota,2.4,Errand/Supplies
2023-02-21 11:47,2023-02-21 12:01,Business,Faridabad,Ghaziabad,4.6,Errand/Supplies
2023-02-21 12:13,2023-02-21 12:35,Business,Vadodara,Jabalpur,8.8,Meal/Entertain
2023-02-21 12:51,2023-02-21 13:12,Business,Kota,Visakhapatnam,8.3,Temporary Site
2023-02-21 13:33,2023-02-21 14:30,Business,Howrah,Ahmedabad,22.7,Temporary Site
2023-02-21 14:36,2023-02-21 15:03,Business,Bhopal,Kolkata,13.0,Temporary Site
2023-02-21 15:14,2023-02-21 15:31,Business,Ludhiana,Patna,8.1,Temporary Site
2023-02-21 15:36,2023-02-21 15:41,Business,Hyderabad,Guwahati,2.2,Meal/Entertain
2023-02-21 16:04,2023-02-21 16:32,Business,Ludhiana,Chandigarh,9.7,Meal/Entertain
2023-02-21 23:15,2023-02-21 23:52,Business,Bhopal,Nashik,20.0,Meeting
2023-02-22 21:54,2023-02-22 22:09,Business,Delhi,Ludhiana,8.1,Customer Visit
2023-02-24 14:30,2023-02-24 14:35,Business,Jabalpur,Mumbai,1.5,Customer Visit
2023-02-24 15:19,2023-02-24 15:25,Business,Srinagar,Vijayawada,1.7,Errand/Supplies
2023-02-25 16:27,2023-02-25 16:35,Business,Nashik,Coimbatore,3.1,Errand/Supplies
2023-02-25 16:47,2023-02-25 17:02,Business,Ghaziabad,Allahabad,3.2,Errand/Supplies
2023-02-25 17:16,2023-02-25 17:36,Business,Rajkot,Navi Mumbai,6.0,Meal/Entertain
2023-02-25 18:22,2023-02-25 18:39,Business,Ahmedabad,Solapur,5.8,Meal/Entertain
2023-02-26 09:06,2023-02-26 09:29,Business,Hubli,Ahmedabad,6.3,Meeting
2023-02-26 11:05,2023-02-26 11:11,Personal,Dhanbad,Lucknow,1.7,Meal/Entertain
2023-02-26 11:35,2023-02-26 11:59,Business,Pune,Navi Mumbai,10.6,Meeting
2023-02-26 13:01,2023-02-26 13:24,Business,Thane,Delhi,9.9,Meeting
2023-02-26 14:38,2023-02-26 14:46,Personal,Kalyan,Howrah,1.9,Meal/Entertain
2023-02-26 15:00,2023-02-26 15:18,Personal,Chandigarh,Delhi,4.2,Meeting
2023-02-26 17:01,2023-02-26 17:12,Personal,Vasai,Navi Mumbai,2.0,Meeting
2023-02-28 05:22,2023-02-28 05:38,Business,Howrah,Jabalpur,7.7,Meeting
2023-02-28 09:26,2023-02-28 09:42,Business,Vadodara,Ludhiana,6.8,Meeting
2023-03-01 18:47,2023-03-01 19:10,Business,Amritsar,Ludhiana,8.0,Meal/Entertain
2023-03-01 21:27,2023-03-01 21:45,Business,Solapur,Visakhapatnam,8.0,Meeting
2023-03-03 09:45,2023-03-03 09:52,Personal,Vijayawada,Indore,2.2,Errand/Supplies
2023-03-03 11:04,2023-03-03 11:10,Business,Dhanbad,Jodhpur,2.3,Errand/Supplies
2023-03-03 14:44,2023-03-03 14:58,Business,Gwalior,Amritsar,5.2,Meal/Entertain
2023-03-03 15:27,2023-03-03 15:48,Business,Ludhiana,Allahabad,7.6,Customer Visit
2023-03-03 16:02,2023-03-03 16:42,Business,Jaipur,Nagpur,17.3,Meeting
2023-03-04 07:47,2023-03-04 08:06,Business,Rajkot,Kalyan,9.9,Meeting
2023-03-04 09:46,2023-03-04 10:03,Business,Kota,Vasai,9.9,Customer Visit
2023-03-04 11:46,2023-03-04 12:06,Business,Delhi,Nashik,10.4,Meeting
2023-03-04 13:03,2023-03-04 13:25,Business,Vadodara,Guwahati,10.9,Meeting
2023-03-04 13:40,2023-03-04 14:09,Business,Pune,Kota,15.7,Customer Visit
2023-03-04 15:56,2023-03-04 16:08,Business,Dhanbad,Ludhiana,4.9,Meal/Entertain
2023-03-04 16:16,2023-03-04 16:22,Business,Vadodara,Agra,0.8,Errand/Supplies
2023-03-04 16:43,2023-03-04 17:12,Business,Vasai,Rajkot,13.5,Meeting
2023-03-04 19:02,2023-03-04 19:08,Business,Srinagar,Kolkata,1.9,Temporary Site
2023-03-04 19:16,2023-03-04 19:25,Business,Thane,Patna,2.0,Meal/Entertain
2023-03-05 11:44,2023-03-05 11:59,Business,Faridabad,Kalyan,6.5,Meal/Entertain
2023-03-05 12:57,2023-03-05 13:12,Personal,Vijayawada,Ranchi,4.2,Errand/Supplies
2023-03-05 14:08,2023-03-05 14:18,Personal,Howrah,Agra,3.5,Meal/Entertain
2023-03-05 14:39,2023-03-05 15:01,Business,Dhanbad,Amritsar,7.8,Meal/Entertain
2023-03-05 16:52,2023-03-05 17:13,Business,Nagpur,Tiruchirappalli,7.8,Meal/Entertain
2023-03-05 17:23,2023-03-05 17:34,Business,Coimbatore,Delhi,3.9,Meal/Entertain
2023-03-07 09:10,2023-03-07 09:20,Business,Faridabad,Visakhapatnam,2.8,Errand/Supplies
2023-03-07 09:23,2023-03-07 09:47,Business,Howrah,Lucknow,12.4,Customer Visit
2023-03-07 12:10,2023-03-07 12:26,Business,Guwahati,Aurangabad,5.9,Customer Visit
2023-03-07 13:57,2023-03-07 14:18,Business,Jodhpur,Jaipur,9.4,Meeting
2023-03-07 15:19,2023-03-07 15:45,Business,Kota,Mysore,11.9,Between Offices
2023-03-08 14:38,2023-03-08 14:55,Business,Ahmedabad,Ahmedabad,7.2,Between Offices
2023-03-08 15:35,2023-03-08 16:00,Business,Bangalore,Chandigarh,7.6,Meal/Entertain
2023-03-08 16:13,2023-03-08 16:25,Personal,Kanpur,Visakhapatnam,1.6,Customer Visit
2023-03-10 03:36,2023-03-10 03:53,Business,Patna,Lucknow,8.4,Meeting
2023-03-10 10:08,2023-03-10 10:37,Business,Vadodara,Ahmedabad,12.8,Meeting
2023-03-10 14:39,2023-03-10 14:55,Business,Allahabad,Bhopal,2.3,Errand/Supplies
2023-03-10 16:18,2023-03-10 16:28,Business,Indore,Mumbai,1.6,Errand/Supplies
2023-03-11 09:47,2023-03-11 09:59,Business,Dhanbad,Mumbai,2.0,Meal/Entertain
2023-03-11 10:29,2023-03-11 10:36,Business,Mumbai,Ludhiana,0.8,Customer Visit
2023-03-11 11:57,2023-03-11 12:04,Business,Nashik,Aurangabad,1.2,Meal/Entertain
2023-03-11 13:43,2023-03-11 13:51,Business,Faridabad,Rajkot,1.0,Errand/Supplies
2023-03-11 19:21,2023-03-11 19:35,Business,Indore,Meerut,2.1,Errand/Supplies
2023-03-12 09:13,2023-03-12 09:22,Business,Madurai,Jodhpur,2.2,Customer Visit
2023-03-12 18:27,2023-03-12 18:37,Personal,Kota,Jaipur,1.9,Meal/Entertain
2023-03-13 09:07,2023-03-13 09:37,Business,Bangalore,Ludhiana,5.7,Meal/Entertain
2023-03-13 18:23,2023-03-13 18:43,Business,Nagpur,Guwahati,8.4,Meal/Entertain
2023-03-13 20:07,2023-03-13 20:28,Business,Gwalior,Allahabad,6.2,Meal/Entertain
2023-03-13 20:39,2023-03-13 20:58,Business,Kalyan,Chennai,10.5,Meal/Entertain
2023-03-13 21:11,2023-03-13 21:23,Business,Nashik,Jodhpur,7.2,Meal/Entertain
2023-03-13 22:19,2023-03-13 22:39,Business,Navi Mumbai,Lucknow,12.5,Meeting
2023-03-14 08:34,2023-03-14 08:49,Business,Nagpur,Madurai,2.0,Errand/Supplies
2023-03-14 18:39,2023-03-14 18:55,Business,Kalyan,Ahmedabad,2.7,Meal/Entertain
2023-03-15 08:45,2023-03-15 08:57,Business,Kalyan,Ludhiana,2.0,Meal/Entertain
2023-03-15 20:48,2023-03-15 21:01,Business,Mysore,Vadodara,2.8,Meal/Entertain
2023-03-16 11:34,2023-03-16 11:45,Business,Hubli,Lucknow,1.7,Meal/Entertain
2023-03-16 14:44,2023-03-16 14:55,Business,Visakhapatnam,Pune,2.0,Customer Visit
2023-03-16 18:43,2023-03-16 18:56,Business,Ahmedabad,Kalyan,2.1,Meal/Entertain
2023-03-17 00:33,2023-03-17 00:44,Personal,Jodhpur,Varanasi,1.7,Meeting
2023-03-17 12:52,2023-03-17 15:11,Business,Chennai,Pune,136.0,Customer Visit
2023-03-17 15:16,2023-03-17 15:58,Business,Vadodara,Ranchi,30.2,Meeting
2023-03-17 17:20,2023-03-17 18:02,Business,Hyderabad,Mysore,15.5,Meal/Entertain
2023-03-17 18:47,2023-03-17 19:09,Personal,Vasai,Jodhpur,4.9,Meeting
2023-03-17 20:57,2023-03-17 21:28,Personal,Indore,Gwalior,12.6,Errand/Supplies
2023-03-17 21:48,2023-03-17 22:04,Personal,Ghaziabad,Ranchi,10.4,Meal/Entertain
2023-03-18 07:15,2023-03-18 07:21,Business,Varanasi,Hyderabad,1.1,Meal/Entertain
2023-03-18 08:35,2023-03-18 08:43,Business,Vasai,Chandigarh,1.1,Meal/Entertain
2023-03-18 18:24,2023-03-18 19:08,Business,Pune,Howrah,13.2,Meeting
2023-03-18 19:23,2023-03-18 19:29,Business,Kota,Ludhiana,1.0,Errand/Supplies
2023-03-18 21:01,2023-03-18 21:15,Business,Jabalpur,Rajkot,9.2,Customer Visit
2023-03-19 09:10,2023-03-19 09:25,Business,Bhopal,Dhanbad,9.4,Meal/Entertain
2023-03-19 12:50,2023-03-19 13:13,Business,Amritsar,Ghaziabad,12.0,Customer Visit
2023-03-19 14:01,2023-03-19 14:57,Business,Raipur,Jabalpur,35.1,Customer Visit
2023-03-19 15:34,2023-03-19 16:38,Business,Agra,Bhopal,36.5,Meal/Entertain
2023-03-19 17:17,2023-03-19 17:32,Business,Bhopal,Nagpur,3.1,Meal/Entertain
2023-03-19 17:37,2023-03-19 17:47,Business,Raipur,Kanpur,2.1,Errand/Supplies
2023-03-19 17:52,2023-03-19 18:00,Business,Coimbatore,Jaipur,1.2,Customer Visit
2023-03-19 18:53,2023-03-19 19:29,Business,Chandigarh,Vijayawada,7.5,Meeting
2023-03-19 19:33,2023-03-19 20:39,Business,Agra,Visakhapatnam,57.0,Customer Visit
2023-03-20 07:37,2023-03-20 07:48,Business,Bangalore,Amritsar,5.9,Meeting
2023-03-20 11:42,2023-03-20 11:56,Business,Tiruchirappalli,Faridabad,6.2,Meeting
2023-03-20 17:08,2023-03-20 17:34,Business,Chennai,Jodhpur,10.4,Meeting
2023-03-20 18:34,2023-03-20 18:40,Personal,Kalyan,Dhanbad,1.2,Meal/Entertain
2023-03-20 18:45,2023-03-20 19:06,Business,Meerut,Kolkata,9.6,Customer Visit
2023-03-21 10:21,2023-03-21 10:26,Personal,Jodhpur,Pune,1.0,Meeting
2023-03-21 16:05,2023-03-21 16:13,Business,Patna,Coimbatore,0.9,Meal/Entertain
2023-03-21 18:59,2023-03-21 19:15,Business,Kanpur,Howrah,8.8,Customer Visit
2023-03-21 20:18,2023-03-21 20:55,Business,Ghaziabad,Solapur,25.6,Meal/Entertain
2023-03-22 06:17,2023-03-22 06:43,Business,Rajkot,Srinagar,23.0,Meal/Entertain
2023-03-22 12:06,2023-03-22 12:24,Personal,Allahabad,Chennai,8.1,Errand/Supplies
2023-03-22 19:12,2023-03-22 19:25,Personal,Jaipur,Patna,1.4,Errand/Supplies
2023-03-23 14:37,2023-03-23 14:42,Personal,Ranchi,Nashik,1.7,Customer Visit
2023-03-23 14:53,2023-03-23 14:59,Personal,Ahmedabad,Faridabad,1.6,Meal/Entertain
2023-03-24 19:47,2023-03-24 19:54,Personal,Madurai,Navi Mumbai,2.0,Customer Visit
2023-03-24 20:34,2023-03-24 20:40,Business,Nagpur,Chennai,2.2,Errand/Supplies
2023-03-25 13:24,2023-03-25 16:22,Business,Kalyan,Meerut,144.0,Customer Visit
2023-03-25 16:52,2023-03-25 22:22,Business,Mumbai,Raipur,310.3,Customer Visit
2023-03-25 22:54,2023-03-26 01:39,Business,Jabalpur,Ranchi,201.0,Meeting
2023-03-26 14:05,2023-03-26 14:29,Personal,Delhi,Nashik,6.7,Meeting
2023-03-26 15:19,2023-03-26 15:49,Personal,Solapur,Delhi,8.8,Meeting
2023-03-26 16:26,2023-03-26 16:30,Personal,Visakhapatnam,Tiruchirappalli,1.2,Customer Visit
2023-03-27 00:31,2023-03-27 00:40,Business,Amritsar,Mumbai,2.1,Errand/Supplies
2023-03-27 01:11,2023-03-27 01:23,Business,Guwahati,Gwalior,6.6,Meal/Entertain
2023-03-27 15:31,2023-03-27 15:56,Business,Mysore,Tiruchirappalli,6.1,Customer Visit
2023-03-27 21:26,2023-03-27 21:41,Personal,Rajkot,Bhopal,6.9,Meeting
2023-03-27 23:04,2023-03-27 23:18,Personal,Lucknow,Chennai,7.3,Meeting
2023-03-28 12:29,2023-03-28 12:42,Personal,Mumbai,Aurangabad,3.6,Customer Visit
2023-03-28 19:30,2023-03-28 20:23,Personal,Hyderabad,Srinagar,27.2,Meal/Entertain
2023-03-28 22:55,2023-03-28 23:26,Personal,Vijayawada,Ludhiana,25.7,Errand/Supplies
2023-03-29 15:27,2023-03-29 16:11,Personal,Tiruchirappalli,Kanpur,13.6,Meeting
2023-03-29 18:20,2023-03-29 18:39,Personal,Solapur,Bhopal,6.2,Meeting
2023-03-29 20:29,2023-03-29 20:44,Personal,Lucknow,Jodhpur,6.0,Meeting
2023-03-29 23:04,2023-03-29 23:21,Personal,Raipur,Nashik,13.8,Meeting
2023-03-30 22:05,2023-03-30 22:55,Business,Hyderabad,Coimbatore,28.8,Meal/Entertain
2023-03-31 12:47,2023-03-31 13:22,Business,Kota,Bhopal,16.1,Temporary Site
2023-03-31 14:37,2023-03-31 15:09,Business,Allahabad,Kolkata,16.4,Meal/Entertain
2023-04-01 13:43,2023-04-01 14:01,Business,Jodhpur,Mysore,11.0,Meeting
2023-04-01 14:36,2023-04-01 15:24,Business,Hyderabad,Vijayawada,15.5,Customer Visit
2023-04-01 16:01,2023-04-01 16:49,Business,Srinagar,Mysore,20.3,Meeting
2023-04-01 16:52,2023-04-01 16:57,Personal,Howrah,Srinagar,0.7,Meal/Entertain
2023-04-02 08:48,2023-04-02 09:04,Personal,Mysore,Patna,5.5,Customer Visit
2023-04-02 11:01,2023-04-02 11:16,Personal,Visakhapatnam,Chandigarh,5.1,Customer Visit
2023-04-02 12:21,2023-04-02 14:47,Business,Vasai,Madurai,77.3,Customer Visit
2023-04-02 16:57,2023-04-02 18:09,Business,Patna,Varanasi,80.5,Customer Visit
2023-04-02 19:38,2023-04-02 22:36,Business,Vasai,Ahmedabad,174.2,Customer Visit
2023-04-02 23:11,2023-04-03 01:34,Business,Ahmedabad,Jodhpur,144.0,Meeting
2023-04-03 02:00,2023-04-03 04:16,Business,Amritsar,Varanasi,159.3,Meeting
2023-04-05 21:39,2023-04-05 21:55,Business,Raipur,Vadodara,7.9,Meal/Entertain
2023-04-06 00:19,2023-04-06 00:39,Business,Jabalpur,Ranchi,8.0,Meal/Entertain
2023-04-07 18:20,2023-04-07 18:39,Business,Rajkot,Navi Mumbai,6.1,Meal/Entertain
2023-04-07 19:45,2023-04-07 20:00,Business,Jaipur,Visakhapatnam,6.1,Errand/Supplies
2023-04-08 12:30,2023-04-08 12:48,Business,Ghaziabad,Pune,10.5,Meeting
2023-04-08 13:34,2023-04-08 13:51,Business,Dhanbad,Ludhiana,8.7,Meal/Entertain
2023-04-08 13:55,2023-04-08 14:03,Business,Jabalpur,Jabalpur,1.8,Errand/Supplies
2023-04-08 14:43,2023-04-08 15:20,Business,Faridabad,Rajkot,19.1,Meeting
2023-04-08 16:05,2023-04-08 16:47,Business,Gwalior,Dhanbad,18.6,Meeting
2023-04-12 09:15,2023-04-12 09:26,Business,Faridabad,Patna,2.8,Errand/Supplies
2023-04-12 09:34,2023-04-12 09:53,Business,Ahmedabad,Nashik,8.9,Meeting
2023-04-12 10:58,2023-04-12 11:18,Business,Madurai,Varanasi,7.5,Customer Visit
2023-04-12 12:22,2023-04-12 12:44,Business,Coimbatore,Bangalore,15.9,Meeting
2023-04-12 13:42,2023-04-12 14:01,Business,Bangalore,Pune,6.5,Meal/Entertain
2023-04-14 07:29,2023-04-14 08:09,Business,Madurai,Kanpur,15.3,Temporary Site
2023-04-14 16:00,2023-04-14 16:43,Business,Delhi,Srinagar,13.7,Temporary Site
2023-04-15 11:36,2023-04-15 12:07,Business,Kolkata,Gwalior,11.9,Temporary Site
2023-04-15 12:29,2023-04-15 12:32,Business,Madurai,Vadodara,1.4,Errand/Supplies
2023-04-15 14:31,2023-04-15 15:01,Business,Ghaziabad,Kalyan,15.2,Meeting
2023-04-16 12:59,2023-04-16 13:17,Business,Delhi,Raipur,6.0,Errand/Supplies
2023-04-16 15:10,2023-04-16 15:26,Business,Raipur,Hubli,6.1,Meal/Entertain
2023-04-19 17:44,2023-04-19 18:08,Business,Chandigarh,Tiruchirappalli,8.2,Meal/Entertain
2023-04-19 19:57,2023-04-19 20:19,Business,Rajkot,Ludhiana,8.0,Meal/Entertain
2023-04-22 08:25,2023-04-22 09:04,Business,Nagpur,Dhanbad,13.6,Meeting
2023-04-22 10:10,2023-04-22 10:40,Business,Indore,Vijayawada,22.5,Meeting
2023-04-22 12:08,2023-04-22 12:28,Business,Ghaziabad,Ghaziabad,10.4,Meeting
2023-04-22 13:02,2023-04-22 13:26,Business,Tiruchirappalli,Meerut,10.0,Meeting
2023-04-23 17:03,2023-04-23 17:16,Business,Delhi,Pune,6.0,Meal/Entertain
2023-04-23 18:49,2023-04-23 19:05,Business,Vasai,Faridabad,6.5,Meal/Entertain
2023-04-24 19:07,2023-04-24 19:16,Business,Pune,Nagpur,3.1,Errand/Supplies
2023-04-24 19:46,2023-04-24 19:52,Business,Vadodara,Vadodara,1.9,Errand/Supplies
2023-04-24 21:41,2023-04-24 21:50,Business,Jaipur,Vasai,4.2,Between Offices
2023-04-27 13:30,2023-04-27 13:40,Business,Ranchi,Gwalior,4.9,Between Offices
2023-04-27 14:13,2023-04-27 14:25,Business,Dhanbad,Indore,4.8,Between Offices
2023-04-28 12:09,2023-04-28 12:34,Business,Coimbatore,Vijayawada,12.4,Customer Visit
2023-04-28 13:30,2023-04-28 13:49,Business,Coimbatore,Vasai,32.8,Customer Visit
2023-04-28 22:10,2023-04-28 22:28,Business,Kolkata,Allahabad,5.5,Customer Visit
2023-04-29 11:44,2023-04-29 12:01,Business,Guwahati,Nashik,9.9,Meeting
2023-04-29 13:13,2023-04-29 13:34,Business,Patna,Lucknow,10.0,Meeting
2023-04-29 18:46,2023-04-29 19:18,Business,Dhanbad,Bangalore,14.2,Customer Visit
2023-04-29 22:44,2023-04-29 23:19,Business,Vadodara,Mumbai,18.2,Meeting
2023-04-30 18:42,2023-04-30 18:57,Business,Indore,Vadodara,7.7,Meal/Entertain
2023-04-30 22:16,2023-04-30 22:34,Business,Dhanbad,Bhopal,6.8,Meal/Entertain
2023-05-01 13:45,2023-05-01 13:53,Business,Howrah,Jabalpur,2.1,Meal/Entertain
2023-05-01 14:26,2023-05-01 14:31,Business,Visakhapatnam,Jaipur,2.3,Customer Visit
2023-05-01 17:33,2023-05-01 17:45,Business,Ahmedabad,Bhopal,6.2,Between Offices
2023-05-01 17:54,2023-05-01 18:10,Business,Ranchi,Bangalore,7.5,Meeting
2023-05-01 22:38,2023-05-01 22:49,Business,Amritsar,Agra,3.1,Errand/Supplies
2023-05-02 14:14,2023-05-02 14:21,Business,Howrah,Kolkata,2.2,Errand/Supplies
2023-05-02 15:37,2023-05-02 15:48,Business,Kota,Rajkot,3.9,Meal/Entertain
2023-05-03 22:20,2023-05-03 22:28,Business,Hyderabad,Jabalpur,2.5,Meal/Entertain
2023-05-04 15:16,2023-05-04 15:37,Business,Chennai,Mysore,8.7,Meal/Entertain
2023-05-04 20:55,2023-05-04 21:14,Business,Bangalore,Guwahati,14.5,Errand/Supplies
2023-05-04 21:30,2023-05-04 21:36,Business,Thane,Solapur,4.5,Meal/Entertain
2023-05-04 22:19,2023-05-04 22:27,Business,Ghaziabad,Lucknow,5.0,Meal/Entertain
2023-05-05 21:24,2023-05-05 21:36,Business,Nashik,Nashik,14.2,Meal/Entertain
2023-05-05 22:34,2023-05-05 22:40,Business,Ludhiana,Bhopal,2.9,Errand/Supplies
2023-05-05 23:55,2023-05-06 00:08,Business,Raipur,Rajkot,12.9,Meeting
2023-05-06 05:47,2023-05-06 06:02,Business,Varanasi,Thane,14.4,Meeting
2023-05-06 16:45,2023-05-06 16:59,Business,Agra,Meerut,17.0,Meeting
2023-05-06 17:18,2023-05-06 17:44,Business,Coimbatore,Ahmedabad,7.9,Customer Visit
2023-05-09 06:08,2023-05-09 06:25,Business,Ghaziabad,Vadodara,8.4,Customer Visit
2023-05-09 14:39,2023-05-09 15:06,Business,Howrah,Gwalior,20.5,Between Offices
2023-05-09 17:58,2023-05-09 18:26,Business,Jabalpur,Ghaziabad,9.8,Customer Visit
2023-05-09 19:35,2023-05-09 19:59,Business,Guwahati,Mysore,17.6,Customer Visit
2023-05-10 09:03,2023-05-10 09:20,Business,Ludhiana,Visakhapatnam,9.3,Customer Visit
2023-05-10 17:19,2023-05-10 17:31,Business,Visakhapatnam,Ranchi,7.9,Customer Visit
2023-05-11 08:35,2023-05-11 09:12,Business,Meerut,Ludhiana,25.6,Meeting
2023-05-11 21:47,2023-05-11 22:04,Business,Vasai,Jabalpur,8.1,Meeting
2023-05-14 18:35,2023-05-14 18:39,Business,Srinagar,Madurai,3.1,Meal/Entertain
2023-05-14 23:01,2023-05-14 23:05,Business,Vadodara,Allahabad,3.1,Meal/Entertain
2023-05-17 13:15,2023-05-17 13:23,Business,Dhanbad,Agra,2.8,Errand/Supplies
2023-05-17 13:56,2023-05-17 14:08,Business,Allahabad,Rajkot,2.7,Errand/Supplies
2023-05-17 14:34,2023-05-17 14:40,Business,Hubli,Kanpur,1.9,Errand/Supplies
2023-05-18 09:11,2023-05-18 09:41,Business,Srinagar,Ranchi,8.4,Customer Visit
2023-05-18 13:00,2023-05-18 13:02,Business,Hubli,Kalyan,7.6,Customer Visit
2023-05-19 14:37,2023-05-19 15:01,Business,Navi Mumbai,Faridabad,2.9,Meal/Entertain
2023-05-20 10:56,2023-05-20 11:07,Business,Lucknow,Nagpur,11.2,Meeting
2023-05-20 15:43,2023-05-20 16:12,Business,Dhanbad,Indore,8.2,Meal/Entertain
2023-05-22 15:39,2023-05-22 15:46,Business,Aurangabad,Kota,3.0,Meal/Entertain
2023-05-22 18:46,2023-05-22 18:53,Business,Varanasi,Ludhiana,2.5,Meal/Entertain
2023-05-23 20:19,2023-05-23 20:27,Business,Ludhiana,Bhopal,3.6,Meal/Entertain
2023-05-23 21:09,2023-05-23 21:21,Business,Rajkot,Ghaziabad,3.6,Errand/Supplies
2023-05-27 20:26,2023-05-27 20:30,Business,Chandigarh,Faridabad,4.5,Errand/Supplies
2023-05-27 20:47,2023-05-27 20:53,Business,Kalyan,Thane,1.2,Meal/Entertain
2023-05-27 22:11,2023-05-27 22:14,Business,Chennai,Howrah,1.7,Errand/Supplies
2023-05-28 00:15,2023-05-28 00:21,Business,Pune,Kanpur,4.7,Errand/Supplies
2023-05-28 12:52,2023-05-28 13:06,Business,Solapur,Jodhpur,6.1,Meal/Entertain
2023-05-28 14:35,2023-05-28 15:04,Business,Agra,Ranchi,11.3,Customer Visit
2023-05-31 13:54,2023-05-31 14:41,Business,Aurangabad,Ranchi,14.9,Meeting
2023-05-31 16:02,2023-05-31 16:39,Business,Faridabad,Mysore,14.0,Meeting
2023-05-31 17:50,2023-05-31 17:59,Business,Gwalior,Mysore,1.8,Meal/Entertain
2023-06-01 10:19,2023-06-01 10:47,Business,Faridabad,Guwahati,6.7,Customer Visit
2023-06-01 13:10,2023-06-01 13:39,Business,Pune,Kolkata,9.6,Meeting
2023-06-03 11:29,2023-06-03 11:49,Business,Amritsar,Pune,10.4,Meeting
2023-06-03 13:08,2023-06-03 13:38,Business,Rajkot,Vadodara,9.9,Meeting
2023-06-03 15:31,2023-06-03 15:54,Business,Kota,Visakhapatnam,6.0,Meal/Entertain
2023-06-03 18:14,2023-06-03 18:29,Business,Allahabad,Visakhapatnam,3.3,Errand/Supplies
2023-06-03 18:41,2023-06-03 18:53,Business,Gwalior,Rajkot,3.1,Errand/Supplies
2023-06-03 19:36,2023-06-03 19:42,Business,Allahabad,Varanasi,1.7,Errand/Supplies
2023-06-03 22:47,2023-06-03 23:06,Business,Mumbai,Visakhapatnam,4.0,Between Offices
2023-06-05 14:03,2023-06-05 14:33,Business,Ghaziabad,Jabalpur,7.8,Customer Visit
2023-06-05 15:06,2023-06-05 15:22,Business,Amritsar,Pune,7.8,Customer Visit
2023-06-05 15:57,2023-06-05 16:08,Business,Ludhiana,Delhi,3.8,Meal/Entertain
2023-06-05 18:05,2023-06-05 18:14,Business,Tiruchirappalli,Varanasi,2.5,Meal/Entertain
2023-06-05 21:53,2023-06-05 22:05,Business,Tiruchirappalli,Coimbatore,9.9,Meeting
2023-06-05 23:52,2023-06-06 00:08,Business,Nagpur,Rajkot,9.9,Meeting
2023-06-06 15:36,2023-06-06 15:45,Business,Nagpur,Nashik,3.0,Errand/Supplies
2023-06-06 16:16,2023-06-06 16:24,Business,Agra,Vadodara,2.4,Errand/Supplies
2023-06-06 20:06,2023-06-06 20:20,Business,Patna,Dhanbad,5.7,Meal/Entertain
2023-06-06 21:08,2023-06-06 21:37,Business,Faridabad,Patna,7.2,Meal/Entertain
2023-06-06 21:41,2023-06-06 22:00,Business,Vasai,Allahabad,10.4,Meeting
2023-06-06 23:34,2023-06-06 23:48,Business,Chennai,Bangalore,9.9,Meeting
2023-06-07 21:42,2023-06-07 22:00,Business,Navi Mumbai,Faridabad,10.4,Meeting
2023-06-07 23:41,2023-06-08 00:04,Business,Mumbai,Indore,9.9,Meeting
2023-06-08 08:23,2023-06-08 08:53,Business,Kota,Ludhiana,8.7,Meal/Entertain
2023-06-08 12:04,2023-06-08 13:01,Business,Meerut,Delhi,22.3,Errand/Supplies
2023-06-08 13:12,2023-06-08 13:29,Business,Howrah,Agra,3.3,Meal/Entertain
2023-06-08 14:31,2023-06-08 14:37,Business,Meerut,Indore,0.7,Errand/Supplies
2023-06-08 16:55,2023-06-08 17:11,Business,Patna,Madurai,2.5,Meal/Entertain
2023-06-08 17:16,2023-06-08 17:18,Business,Bangalore,Kanpur,0.5,Errand/Supplies
2023-06-08 17:59,2023-06-08 18:05,Business,Meerut,Aurangabad,0.9,Errand/Supplies
2023-06-08 20:11,2023-06-08 20:25,Business,Howrah,Solapur,4.8,Errand/Supplies
2023-06-10 15:19,2023-06-10 16:28,Business,Nashik,Aurangabad,16.3,Meeting
2023-06-10 21:47,2023-06-10 22:04,Business,Ranchi,Visakhapatnam,10.4,Meeting
2023-06-10 23:53,2023-06-11 00:01,Business,Visakhapatnam,Ranchi,9.9,Meeting
2023-06-11 17:08,2023-06-11 17:16,Business,Allahabad,Solapur,3.7,Errand/Supplies
2023-06-11 17:34,2023-06-11 17:39,Business,Jodhpur,Jabalpur,4.6,Meal/Entertain
2023-06-11 17:50,2023-06-11 17:56,Business,Patna,Ranchi,1.7,Meal/Entertain
2023-06-11 21:45,2023-06-11 22:04,Business,Tiruchirappalli,Delhi,10.4,Meeting
2023-06-11 23:39,2023-06-12 00:05,Business,Thane,Bangalore,9.9,Meeting
2023-06-12 19:53,2023-06-12 19:56,Business,Meerut,Guwahati,2.5,Meal/Entertain
2023-06-12 20:05,2023-06-12 20:16,Business,Kolkata,Bhopal,4.3,Errand/Supplies
2023-06-12 21:58,2023-06-12 22:19,Business,Rajkot,Navi Mumbai,2.8,Errand/Supplies
2023-06-13 05:23,2023-06-13 05:42,Business,Guwahati,Nagpur,8.4,Meal/Entertain
2023-06-13 14:17,2023-06-13 14:46,Business,Gwalior,Guwahati,13.2,Meeting
2023-06-13 18:08,2023-06-13 18:47,Business,Pune,Bhopal,3.9,Meal/Entertain
2023-06-13 18:54,2023-06-13 19:23,Business,Kota,Dhanbad,5.1,Meal/Entertain
2023-06-13 20:00,2023-06-13 20:05,Business,Nashik,Vadodara,5.2,Customer Visit
2023-06-14 12:03,2023-06-14 12:21,Business,Jabalpur,Chandigarh,9.8,Customer Visit
2023-06-14 16:09,2023-06-14 16:39,Business,Bhopal,Visakhapatnam,11.6,Meeting
2023-06-14 17:15,2023-06-14 17:24,Business,Amritsar,Aurangabad,5.1,Meeting
2023-06-14 17:27,2023-06-14 17:57,Business,Varanasi,Gwalior,9.3,Errand/Supplies
2023-06-15 01:46,2023-06-15 02:06,Business,Vasai,Dhanbad,12.4,Between Offices
2023-06-15 15:26,2023-06-15 15:34,Business,Rajkot,Dhanbad,1.9,Between Offices
2023-06-15 16:37,2023-06-15 17:02,Business,Kota,Vasai,6.4,Customer Visit
2023-06-15 17:29,2023-06-15 17:49,Personal,Vadodara,Jodhpur,5.5,Meeting
2023-06-15 19:52,2023-06-15 19:58,Business,Kanpur,Gwalior,1.5,Meal/Entertain
2023-06-16 13:36,2023-06-16 14:30,Business,Jodhpur,Aurangabad,14.5,Meeting
2023-06-16 14:42,2023-06-16 14:46,Business,Gwalior,Bangalore,2.7,Meal/Entertain
2023-06-16 15:17,2023-06-16 15:41,Business,Ahmedabad,Solapur,15.0,Meal/Entertain
2023-06-16 19:39,2023-06-16 19:56,Business,Aurangabad,Meerut,12.9,Meal/Entertain
2023-06-16 21:43,2023-06-16 21:56,Business,Rajkot,Jabalpur,13.6,Meeting
2023-06-17 16:11,2023-06-17 16:44,Business,Raipur,Hyderabad,12.2,Meeting
2023-06-18 00:29,2023-06-18 00:51,Business,Thane,Vasai,8.7,Meal/Entertain
2023-06-19 02:39,2023-06-19 02:50,Business,Rajkot,Tiruchirappalli,6.0,Meeting
2023-06-19 05:51,2023-06-19 06:00,Business,Gwalior,Chennai,5.9,Meal/Entertain
2023-06-21 15:39,2023-06-21 16:08,Business,Thane,Dhanbad,19.3,Meal/Entertain
2023-06-21 17:11,2023-06-21 18:02,Business,Kota,Ludhiana,16.6,Meal/Entertain
2023-06-24 10:41,2023-06-24 10:57,Business,Ludhiana,Indore,7.1,Meal/Entertain
2023-06-24 11:54,2023-06-24 12:01,Business,Chennai,Bangalore,2.1,Meal/Entertain
2023-06-24 12:19,2023-06-24 12:37,Business,Lucknow,Gwalior,8.6,Errand/Supplies
2023-06-24 12:50,2023-06-24 13:12,Business,Dhanbad,Varanasi,9.0,Errand/Supplies
2023-06-24 13:18,2023-06-24 13:27,Business,Bangalore,Pune,3.1,Errand/Supplies
2023-06-24 14:01,2023-06-24 14:20,Business,Raipur,Navi Mumbai,8.4,Temporary Site
2023-06-24 20:44,2023-06-24 21:02,Business,Thane,Kolkata,12.8,Meal/Entertain
2023-06-25 09:03,2023-06-25 09:12,Business,Kolkata,Varanasi,4.5,Customer Visit
2023-06-25 09:15,2023-06-25 10:08,Business,Kanpur,Vijayawada,11.8,Between Offices
2023-06-25 10:18,2023-06-25 10:25,Business,Pune,Varanasi,1.1,Errand/Supplies
2023-06-25 10:50,2023-06-25 11:18,Business,Kota,Nagpur,17.0,Meal/Entertain
2023-06-25 11:25,2023-06-25 11:34,Business,Vadodara,Nagpur,1.7,Meeting
2023-06-25 11:53,2023-06-25 13:21,Business,Allahabad,Meerut,15.5,Meeting
2023-06-25 19:47,2023-06-25 19:58,Business,Hubli,Navi Mumbai,1.6,Meeting
2023-06-25 23:19,2023-06-25 23:26,Business,Lucknow,Kalyan,1.5,Meeting
2023-06-26 17:43,2023-06-26 18:18,Business,Chennai,Howrah,12.6,Meeting
2023-06-26 18:45,2023-06-26 19:12,Business,Kota,Vijayawada,4.8,Meal/Entertain
2023-06-26 19:41,2023-06-26 19:50,Business,Pune,Raipur,2.2,Errand/Supplies
2023-06-26 21:14,2023-06-26 21:42,Business,Jodhpur,Navi Mumbai,13.0,Meeting
2023-06-27 07:37,2023-06-27 08:48,Business,Tiruchirappalli,Dhanbad,46.9,Meeting
2023-06-27 08:51,2023-06-27 09:00,Business,Meerut,Indore,2.5,Meeting
2023-06-27 09:05,2023-06-27 09:33,Business,Lucknow,Madurai,8.6,Meeting
2023-06-27 09:43,2023-06-27 10:08,Business,Chennai,Ghaziabad,5.2,Meeting
2023-06-27 10:22,2023-06-27 10:39,Business,Ghaziabad,Pune,7.6,Meal/Entertain
2023-06-27 10:51,2023-06-27 10:58,Business,Hubli,Ahmedabad,1.8,Meeting
2023-06-27 11:06,2023-06-27 11:24,Business,Gwalior,Kota,4.7,Meal/Entertain
2023-06-27 11:30,2023-06-27 11:42,Business,Ludhiana,Kalyan,2.8,Meal/Entertain
2023-06-27 12:22,2023-06-27 13:02,Business,Navi Mumbai,Delhi,30.0,Meeting
2023-06-27 13:56,2023-06-27 14:05,Business,Kanpur,Mysore,4.4,Customer Visit
2023-06-27 21:09,2023-06-27 21:19,Business,Jabalpur,Bangalore,1.0,Customer Visit
2023-06-28 00:48,2023-06-28 01:05,Business,Pune,Ranchi,8.2,Customer Visit
2023-06-28 20:13,2023-06-28 20:33,Business,Faridabad,Dhanbad,10.4,Meeting
2023-06-28 23:34,2023-06-28 23:59,Business,Tiruchirappalli,Dhanbad,9.9,Meeting
2023-06-28 23:34,2023-06-28 23:59,Business,Navi Mumbai,Mysore,9.9,Meeting
2023-06-29 08:56,2023-06-29 09:24,Business,Allahabad,Gwalior,7.3,Errand/Supplies
2023-06-29 10:22,2023-06-29 10:38,Business,Ahmedabad,Bhopal,7.4,Meal/Entertain
2023-06-29 11:49,2023-06-29 11:51,Business,Guwahati,Indore,1.6,Meeting
2023-06-29 12:11,2023-06-29 12:16,Business,Lucknow,Ghaziabad,1.8,Meeting
2023-06-29 20:11,2023-06-29 20:29,Business,Tiruchirappalli,Chennai,10.4,Meeting
2023-06-29 23:38,2023-06-30 00:00,Business,Madurai,Amritsar,9.9,Meeting
2023-06-30 20:09,2023-06-30 20:26,Business,Agra,Chandigarh,9.9,Meeting
2023-07-01 00:00,2023-07-01 00:25,Business,Meerut,Mysore,9.9,Meeting
2023-07-01 09:34,2023-07-01 09:57,Business,Solapur,Faridabad,13.3,Meeting
2023-07-01 12:36,2023-07-01 13:00,Business,Ghaziabad,Ahmedabad,11.3,Meeting
2023-07-01 20:06,2023-07-01 20:24,Business,Rajkot,Dhanbad,10.5,Meeting
2023-07-01 23:48,2023-07-02 00:09,Business,Coimbatore,Coimbatore,9.9,Meeting
2023-07-02 20:18,2023-07-02 20:36,Business,Hubli,Kolkata,10.1,Meeting
2023-07-02 23:48,2023-07-03 00:12,Business,Lucknow,Allahabad,9.9,Meeting
2023-07-03 00:28,2023-07-03 00:38,Business,Allahabad,Mumbai,3.1,Errand/Supplies
2023-07-03 03:02,2023-07-03 03:08,Business,Pune,Indore,3.1,Errand/Supplies
2023-07-03 20:00,2023-07-03 20:18,Business,Varanasi,Ludhiana,9.9,Meeting
2023-07-04 00:32,2023-07-04 00:47,Business,Jodhpur,Ludhiana,9.9,Meeting
2023-07-04 17:31,2023-07-04 17:49,Business,Nashik,Varanasi,8.8,Meeting
2023-07-04 18:23,2023-07-04 18:49,Business,Allahabad,Chandigarh,8.7,Temporary Site
2023-07-04 20:00,2023-07-04 20:17,Business,Chandigarh,Raipur,11.8,Meeting
2023-07-05 00:00,2023-07-05 00:05,Business,Hubli,Jaipur,1.2,Errand/Supplies
2023-07-05 00:08,2023-07-05 00:28,Business,Jaipur,Visakhapatnam,9.9,Meeting
2023-07-05 16:48,2023-07-05 16:52,Business,Srinagar,Ranchi,0.6,Errand/Supplies
2023-07-05 20:06,2023-07-05 20:26,Business,Delhi,Ahmedabad,9.9,Meeting
2023-07-05 22:41,2023-07-05 23:02,Business,Bhopal,Nagpur,8.6,Meeting
2023-07-06 00:33,2023-07-06 00:53,Business,Jabalpur,Vasai,6.3,Meal/Entertain
2023-07-06 09:06,2023-07-06 09:25,Business,Ranchi,Srinagar,9.9,Meeting
2023-07-06 12:48,2023-07-06 13:08,Business,Aurangabad,Chandigarh,9.9,Meal/Entertain
2023-07-06 20:04,2023-07-06 20:14,Business,Ahmedabad,Jaipur,3.3,Meal/Entertain
2023-07-06 23:46,2023-07-06 23:59,Business,Kanpur,Faridabad,3.1,Customer Visit
2023-07-07 08:22,2023-07-07 08:50,Business,Jabalpur,Mysore,7.9,Temporary Site
2023-07-07 10:27,2023-07-07 10:33,Business,Delhi,Agra,8.9,Meeting
2023-07-07 12:59,2023-07-07 13:35,Business,Kota,Navi Mumbai,12.8,Meal/Entertain
2023-07-08 09:50,2023-07-08 10:13,Business,Visakhapatnam,Gwalior,7.7,Customer Visit
2023-07-08 10:51,2023-07-08 11:12,Business,Faridabad,Ranchi,7.0,Errand/Supplies
2023-07-08 13:48,2023-07-08 14:11,Business,Visakhapatnam,Howrah,12.5,Customer Visit
2023-07-08 17:11,2023-07-08 17:30,Business,Rajkot,Nashik,13.2,Meeting
2023-07-09 09:03,2023-07-09 09:46,Business,Hubli,Aurangabad,13.0,Meeting
2023-07-09 09:52,2023-07-09 10:06,Business,Vasai,Bhopal,4.9,Meeting
2023-07-09 10:15,2023-07-09 10:33,Business,Hyderabad,Faridabad,8.5,Meal/Entertain
2023-07-10 14:10,2023-07-10 14:17,Business,Navi Mumbai,Kolkata,1.3,Meeting
2023-07-10 16:04,2023-07-10 16:15,Business,Hyderabad,Patna,1.8,Meal/Entertain
2023-07-10 18:05,2023-07-10 18:21,Business,Navi Mumbai,Vasai,13.6,Meeting
2023-07-10 19:51,2023-07-10 20:08,Business,Delhi,Jodhpur,13.4,Meeting
2023-07-12 16:10,2023-07-12 16:45,Business,Kolkata,Mysore,12.3,Customer Visit
2023-07-12 19:21,2023-07-12 19:26,Personal,Jabalpur,Pune,1.4,Customer Visit
2023-07-12 23:47,2023-07-13 00:11,Personal,Gwalior,Agra,8.7,Meal/Entertain
2023-07-13 12:39,2023-07-13 13:20,Personal,Tiruchirappalli,Ahmedabad,23.5,Meeting
2023-07-13 13:25,2023-07-13 13:39,Personal,Rajkot,Pune,2.2,Meeting
2023-07-13 13:42,2023-07-13 13:54,Personal,Varanasi,Gwalior,4.4,Meeting
2023-07-14 15:51,2023-07-14 15:59,Personal,Vijayawada,Vadodara,3.3,Errand/Supplies
2023-07-14 16:03,2023-07-14 16:34,Business,Vijayawada,Varanasi,11.8,Errand/Supplies
2023-07-14 16:39,2023-07-14 20:05,Business,Pune,Ghaziabad,195.3,Errand/Supplies
2023-07-15 11:32,2023-07-15 11:53,Personal,Mysore,Visakhapatnam,8.3,Customer Visit
2023-07-15 12:09,2023-07-15 12:19,Personal,Agra,Bhopal,3.2,Customer Visit
2023-07-15 12:35,2023-07-15 13:15,Personal,Rajkot,Gwalior,22.4,Meeting
2023-07-15 15:03,2023-07-15 15:33,Personal,Madurai,Delhi,12.2,Customer Visit
2023-07-15 15:40,2023-07-15 15:52,Personal,Bangalore,Indore,4.5,Errand/Supplies
2023-07-16 13:14,2023-07-16 14:10,Personal,Meerut,Aurangabad,28.1,Meeting
2023-07-16 14:14,2023-07-16 14:30,Personal,Allahabad,Visakhapatnam,3.8,Errand/Supplies
2023-07-16 15:29,2023-07-16 16:57,Personal,Navi Mumbai,Pune,41.9,Meeting
2023-07-16 19:42,2023-07-16 20:35,Personal,Srinagar,Madurai,23.8,Errand/Supplies
2023-07-16 21:45,2023-07-16 22:18,Personal,Dhanbad,Kota,13.0,Meal/Entertain
2023-07-16 22:50,2023-07-16 23:03,Business,Varanasi,Coimbatore,4.4,Errand/Supplies
2023-07-17 11:23,2023-07-17 11:50,Personal,Amritsar,Gwalior,15.1,Charity ($)
2023-07-17 12:20,2023-07-17 15:25,Personal,Hyderabad,Ludhiana,180.2,Commute
2023-07-18 10:37,2023-07-18 10:49,Personal,Jodhpur,Bhopal,4.1,Moving
2023-07-18 10:54,2023-07-18 11:15,Personal,Mumbai,Mysore,6.1,Moving
2023-07-18 11:25,2023-07-18 11:36,Personal,Navi Mumbai,Bhopal,3.3,Moving
2023-07-18 11:40,2023-07-18 11:56,Personal,Agra,Amritsar,4.7,Moving
2023-07-18 17:12,2023-07-18 17:33,Business,Jabalpur,Chandigarh,7.2,Meeting
2023-07-18 18:32,2023-07-18 18:47,Business,Indore,Visakhapatnam,5.5,Meal/Entertain
2023-07-18 19:07,2023-07-18 19:14,Business,Agra,Kolkata,3.3,Meal/Entertain
2023-07-18 20:28,2023-07-18 20:32,Business,Hubli,Rajkot,0.9,Errand/Supplies
2023-07-18 21:11,2023-07-18 21:19,Business,Jabalpur,Kalyan,3.8,Meal/Entertain
2023-07-19 10:35,2023-07-19 10:51,Business,Solapur,Amritsar,6.4,Customer Visit
2023-07-19 10:56,2023-07-19 11:11,Business,Tiruchirappalli,Raipur,3.0,Meeting
2023-07-19 11:30,2023-07-19 12:00,Business,Navi Mumbai,Tiruchirappalli,8.7,Meal/Entertain
2023-07-19 17:14,2023-07-19 17:24,Business,Agra,Varanasi,3.9,Errand/Supplies
2023-07-19 17:50,2023-07-19 18:08,Personal,Kota,Hubli,4.8,Meal/Entertain
2023-07-20 17:12,2023-07-20 17:24,Personal,Kolkata,Navi Mumbai,2.8,Customer Visit
2023-07-20 17:50,2023-07-20 17:57,Personal,Varanasi,Rajkot,1.4,Meeting
2023-07-20 18:16,2023-07-20 18:20,Personal,Howrah,Tiruchirappalli,1.4,Meal/Entertain
2023-07-21 17:17,2023-07-21 17:23,Business,Madurai,Howrah,2.7,Customer Visit
2023-07-21 17:42,2023-07-21 17:51,Business,Allahabad,Kalyan,2.3,Errand/Supplies
2023-07-21 18:27,2023-07-21 18:42,Business,Kanpur,Srinagar,3.7,Customer Visit
2023-07-21 19:30,2023-07-21 19:39,Business,Agra,Indore,2.9,Customer Visit
2023-07-22 10:42,2023-07-22 10:53,Business,Dhanbad,Rajkot,3.8,Meal/Entertain
2023-07-22 11:11,2023-07-22 11:25,Business,Patna,Solapur,5.1,Meal/Entertain
2023-07-22 11:37,2023-07-22 12:00,Business,Agra,Ranchi,9.1,Customer Visit
2023-07-22 12:14,2023-07-22 12:31,Business,Guwahati,Hubli,8.0,Meeting
2023-07-22 13:21,2023-07-22 13:42,Business,Visakhapatnam,Aurangabad,9.9,Meeting
2023-07-22 14:27,2023-07-22 14:43,Business,Hyderabad,Hubli,6.1,Meal/Entertain
2023-07-22 15:49,2023-07-22 16:22,Business,Srinagar,Mumbai,12.2,Errand/Supplies
2023-07-22 18:33,2023-07-22 18:51,Business,Varanasi,Navi Mumbai,8.0,Meeting
2023-07-23 14:27,2023-07-23 14:44,Business,Vijayawada,Indore,4.0,Errand/Supplies
2023-07-23 14:48,2023-07-23 15:12,Business,Tiruchirappalli,Tiruchirappalli,9.5,Meeting
2023-07-23 15:15,2023-07-23 15:27,Business,Rajkot,Meerut,3.0,Meeting
2023-07-23 15:50,2023-07-23 16:10,Business,Indore,Indore,6.3,Errand/Supplies
2023-07-23 20:17,2023-07-23 20:33,Business,Gwalior,Vasai,10.4,Meeting
2023-07-23 23:18,2023-07-23 23:43,Business,Amritsar,Navi Mumbai,9.9,Meeting
2023-07-25 10:35,2023-07-25 10:41,Business,Raipur,Nagpur,1.5,Meeting
2023-07-25 10:47,2023-07-25 10:58,Business,Mysore,Raipur,4.9,Customer Visit
2023-07-25 11:04,2023-07-25 11:33,Business,Tiruchirappalli,Ludhiana,7.9,Meeting
2023-07-25 11:37,2023-07-25 11:44,Business,Dhanbad,Vijayawada,1.7,Meal/Entertain
2023-07-26 15:43,2023-07-26 15:49,Business,Lucknow,Hyderabad,2.2,Meeting
2023-07-26 17:14,2023-07-26 17:24,Business,Bangalore,Patna,2.1,Errand/Supplies
2023-07-26 20:52,2023-07-26 21:00,Business,Jabalpur,Visakhapatnam,2.5,Meal/Entertain
2023-07-26 22:31,2023-07-26 22:39,Business,Faridabad,Chennai,2.5,Meal/Entertain
2023-07-27 19:08,2023-07-27 19:20,Business,Tiruchirappalli,Amritsar,2.8,Meeting
2023-07-27 21:34,2023-07-27 21:57,Business,Ludhiana,Amritsar,14.7,Meal/Entertain
2023-07-27 22:00,2023-07-27 22:26,Business,Faridabad,Navi Mumbai,14.6,Errand/Supplies
2023-07-28 00:04,2023-07-28 00:09,Business,Pune,Jaipur,2.3,Errand/Supplies
2023-07-29 15:45,2023-07-29 15:47,Business,Hyderabad,Hubli,2.2,Meal/Entertain
2023-07-29 17:27,2023-07-29 17:45,Business,Faridabad,Jabalpur,2.2,Meal/Entertain
2023-07-30 17:02,2023-07-30 17:27,Business,Vijayawada,Tiruchirappalli,14.0,Errand/Supplies
2023-07-30 21:16,2023-07-30 21:41,Business,Faridabad,Allahabad,13.3,Errand/Supplies
2023-07-31 17:30,2023-07-31 17:37,Business,Ludhiana,Vasai,1.8,Meal/Entertain
2023-08-01 12:47,2023-08-01 13:04,Business,Faridabad,Jaipur,6.2,Errand/Supplies
2023-08-01 13:08,2023-08-01 13:19,Business,Ranchi,Mysore,1.3,Customer Visit
2023-08-01 13:28,2023-08-01 13:46,Business,Ghaziabad,Thane,1.9,Meal/Entertain
2023-08-01 13:52,2023-08-01 14:14,Business,Jaipur,Dhanbad,6.9,Errand/Supplies
2023-08-01 15:40,2023-08-01 15:47,Business,Guwahati,Indore,4.6,Meeting
2023-08-01 16:18,2023-08-01 16:25,Business,Dhanbad,Lucknow,2.8,Meal/Entertain
2023-08-01 16:29,2023-08-01 16:59,Business,Delhi,Delhi,9.1,Meeting
2023-08-01 17:23,2023-08-01 17:55,Business,Coimbatore,Chennai,8.1,Customer Visit
2023-08-02 08:11,2023-08-02 08:32,Business,Agra,Mysore,8.4,Meeting
2023-08-02 11:51,2023-08-02 12:15,Business,Rajkot,Bhopal,4.9,Meeting
2023-08-02 19:15,2023-08-02 19:23,Business,Solapur,Pune,1.0,Meeting
2023-08-02 21:23,2023-08-02 21:29,Business,Ahmedabad,Nashik,1.0,Meal/Entertain
2023-08-03 12:46,2023-08-03 13:00,Business,Chandigarh,Vijayawada,2.0,Meeting
2023-08-03 14:59,2023-08-03 15:03,Business,Kolkata,Vijayawada,1.1,Customer Visit
2023-08-03 16:00,2023-08-03 16:04,Business,Ghaziabad,Navi Mumbai,1.5,Meal/Entertain
2023-08-05 17:23,2023-08-05 17:30,Business,Kota,Rajkot,1.3,Meal/Entertain
2023-08-05 18:17,2023-08-05 18:21,Business,Srinagar,Allahabad,1.8,Errand/Supplies
2023-08-05 19:17,2023-08-05 19:27,Business,Srinagar,Kanpur,1.5,Errand/Supplies
2023-08-06 06:40,2023-08-06 06:58,Business,Lucknow,Thane,6.6,Meeting
2023-08-06 09:31,2023-08-06 09:53,Business,Visakhapatnam,Bhopal,8.0,Customer Visit
2023-08-07 17:14,2023-08-07 17:23,Business,Delhi,Amritsar,2.7,Meeting
2023-08-07 17:28,2023-08-07 17:43,Business,Coimbatore,Madurai,2.7,Customer Visit
2023-08-07 18:17,2023-08-07 18:23,Business,Rajkot,Agra,2.5,Meeting
2023-08-07 20:15,2023-08-07 20:23,Business,Mysore,Ahmedabad,2.5,Meal/Entertain
2023-08-08 16:17,2023-08-08 16:31,Business,Rajkot,Varanasi,5.2,Meeting
2023-08-08 16:37,2023-08-08 16:50,Business,Aurangabad,Ranchi,4.0,Meal/Entertain
2023-08-08 17:02,2023-08-08 17:13,Business,Rajkot,Ahmedabad,2.7,Customer Visit
2023-08-08 21:50,2023-08-08 22:15,Business,Kolkata,Madurai,4.8,Customer Visit
2023-08-08 23:28,2023-08-08 23:37,Business,Raipur,Meerut,3.2,Customer Visit
2023-08-09 14:20,2023-08-09 14:38,Business,Jaipur,Howrah,6.9,Errand/Supplies
2023-08-09 15:15,2023-08-09 15:36,Business,Hubli,Mumbai,14.9,Meeting
2023-08-09 16:04,2023-08-09 16:37,Business,Delhi,Jaipur,17.4,Meeting
2023-08-10 16:56,2023-08-10 17:24,Business,Ranchi,Amritsar,12.9,Customer Visit
2023-08-10 17:53,2023-08-10 18:28,Business,Pune,Jodhpur,15.3,Errand/Supplies
2023-08-10 18:49,2023-08-10 18:50,Business,Agra,Chennai,1.0,Customer Visit
2023-08-10 19:47,2023-08-10 20:02,Business,Varanasi,Indore,6.0,Meeting
2023-08-11 12:53,2023-08-11 13:00,Business,Gwalior,Hyderabad,2.2,Meal/Entertain
2023-08-11 13:14,2023-08-11 13:28,Business,Navi Mumbai,Indore,4.4,Meeting
2023-08-11 13:32,2023-08-11 13:42,Business,Meerut,Rajkot,2.8,Meeting
2023-08-11 18:37,2023-08-11 19:29,Business,Jabalpur,Kota,31.7,Customer Visit
2023-08-11 20:59,2023-08-11 21:44,Business,Pune,Raipur,31.9,Errand/Supplies
2023-08-12 18:49,2023-08-12 18:52,Business,Hubli,Kota,1.9,Meeting
2023-08-12 18:56,2023-08-12 19:05,Business,Indore,Raipur,1.8,Errand/Supplies
2023-08-13 15:35,2023-08-13 15:58,Business,Kalyan,Kalyan,8.4,Meeting
2023-08-15 09:05,2023-08-15 09:52,Business,Vasai,Kanpur,15.6,Meeting
2023-08-15 15:20,2023-08-15 15:47,Business,Kanpur,Vadodara,14.1,Customer Visit
2023-08-15 16:52,2023-08-15 17:30,Business,Ludhiana,Vadodara,15.7,Meal/Entertain
2023-08-15 19:08,2023-08-15 20:30,Business,Vasai,Chandigarh,25.9,Temporary Site
2023-08-16 07:58,2023-08-16 08:11,Business,Aurangabad,Ahmedabad,7.9,Meal/Entertain
2023-08-16 08:16,2023-08-16 08:23,Business,Hubli,Nashik,2.7,Meeting
2023-08-16 08:46,2023-08-16 08:53,Business,Mumbai,Navi Mumbai,5.5,Customer Visit
2023-08-16 10:06,2023-08-16 10:27,Business,Jaipur,Agra,5.7,Errand/Supplies
2023-08-16 10:31,2023-08-16 10:38,Business,Varanasi,Varanasi,1.2,Meeting
2023-08-16 11:47,2023-08-16 12:03,Business,Visakhapatnam,Madurai,5.7,Temporary Site
2023-08-16 15:13,2023-08-16 15:36,Business,Vasai,Jaipur,16.2,Meeting
2023-08-17 10:17,2023-08-17 10:41,Business,Vadodara,Nagpur,2.6,Meeting
2023-08-17 10:57,2023-08-17 11:20,Business,Tiruchirappalli,Mumbai,12.1,Meeting
2023-08-17 14:45,2023-08-17 14:50,Business,Chennai,Madurai,1.4,Meeting
2023-08-17 15:32,2023-08-17 15:47,Business,Rajkot,Madurai,6.4,Meeting
2023-08-17 16:29,2023-08-17 16:50,Business,Patna,Vijayawada,7.3,Meal/Entertain
2023-08-17 16:54,2023-08-17 17:00,Business,Bangalore,Ahmedabad,5.3,Errand/Supplies
2023-08-17 17:05,2023-08-17 17:34,Business,Dhanbad,Ahmedabad,5.5,Meal/Entertain
2023-08-17 18:38,2023-08-17 18:57,Business,Kolkata,Hyderabad,7.7,Temporary Site
2023-08-18 18:40,2023-08-18 19:07,Business,Mumbai,Visakhapatnam,7.6,Temporary Site
2023-08-19 08:24,2023-08-19 08:45,Business,Bangalore,Mumbai,7.6,Errand/Supplies
2023-08-19 08:54,2023-08-19 09:07,Business,Ghaziabad,Indore,3.3,Meal/Entertain
2023-08-19 09:27,2023-08-19 09:47,Business,Indore,Madurai,6.5,Errand/Supplies
2023-08-19 10:57,2023-08-19 11:06,Business,Aurangabad,Guwahati,2.0,Meal/Entertain
2023-08-19 12:07,2023-08-19 12:24,Business,Agra,Raipur,5.7,Customer Visit
2023-08-19 15:51,2023-08-19 16:06,Business,Jabalpur,Vijayawada,3.2,Customer Visit
2023-08-19 17:12,2023-08-19 17:52,Business,Lucknow,Bangalore,12.5,Meeting
2023-08-21 10:00,2023-08-21 10:29,Business,Patna,Kalyan,7.6,Airport/Travel
2023-08-21 14:05,2023-08-21 14:34,Business,Raipur,Ghaziabad,7.7,Meeting
2023-08-21 16:30,2023-08-21 17:02,Business,Coimbatore,Faridabad,12.2,Customer Visit
2023-08-21 18:10,2023-08-21 18:17,Business,Ghaziabad,Lucknow,1.4,Meal/Entertain
2023-08-21 18:48,2023-08-21 19:24,Business,Rajkot,Kota,20.2,Meeting
2023-08-22 10:00,2023-08-22 10:44,Business,Kota,Lucknow,9.8,Meal/Entertain
2023-08-22 11:07,2023-08-22 11:23,Business,Patna,Solapur,6.3,Meal/Entertain
2023-08-22 12:36,2023-08-22 12:49,Business,Kanpur,Aurangabad,4.9,Customer Visit
2023-08-22 13:02,2023-08-22 13:11,Business,Delhi,Rajkot,1.5,Meeting
2023-08-22 14:07,2023-08-22 14:31,Business,Solapur,Meerut,10.9,Meeting
2023-08-22 15:14,2023-08-22 15:49,Business,Ludhiana,Ludhiana,19.0,Meal/Entertain
2023-08-22 15:59,2023-08-22 17:16,Business,Dhanbad,Guwahati,19.0,Meal/Entertain
2023-08-22 19:58,2023-08-22 20:50,Business,Pune,Bangalore,7.9,Errand/Supplies
2023-08-22 20:53,2023-08-22 21:31,Business,Meerut,Jaipur,4.1,Meeting
2023-08-22 22:31,2023-08-22 23:00,Business,Madurai,Visakhapatnam,18.7,Customer Visit
2023-08-23 08:10,2023-08-23 08:25,Business,Patna,Vadodara,8.7,Meal/Entertain
2023-08-23 09:35,2023-08-23 10:09,Business,Kolkata,Nashik,7.5,Customer Visit
2023-08-23 12:59,2023-08-23 13:15,Business,Kolkata,Srinagar,7.7,Customer Visit
2023-08-23 13:19,2023-08-23 13:30,Business,Vasai,Howrah,4.4,Meeting
2023-08-23 13:49,2023-08-23 14:04,Business,Gwalior,Jaipur,5.0,Meal/Entertain
2023-08-23 15:07,2023-08-23 15:12,Business,Varanasi,Guwahati,1.9,Meeting
2023-08-23 15:15,2023-08-23 17:16,Business,Raipur,Hubli,7.9,Meeting
2023-08-23 17:42,2023-08-23 18:31,Business,Vadodara,Bangalore,17.7,Meeting
2023-08-24 12:05,2023-08-24 12:56,Business,Hyderabad,Ahmedabad,25.2,Meal/Entertain
2023-08-24 13:01,2023-08-24 15:25,Business,Tiruchirappalli,Ranchi,96.2,Meeting
2023-08-25 15:17,2023-08-25 16:22,Business,Kolkata,Hubli,35.0,Customer Visit
2023-08-25 16:36,2023-08-25 16:56,Business,Mysore,Kolkata,5.5,Customer Visit
2023-08-25 17:19,2023-08-25 19:20,Business,Amritsar,Jodhpur,50.4,Meeting
2023-08-25 19:25,2023-08-25 19:57,Business,Kalyan,Kalyan,9.2,Meal/Entertain
2023-08-25 22:58,2023-08-25 23:16,Business,Vijayawada,Varanasi,7.3,Errand/Supplies
2023-08-26 09:06,2023-08-26 09:20,Business,Meerut,Lucknow,5.0,Meeting
2023-08-26 11:14,2023-08-26 11:26,Business,Raipur,Nagpur,3.8,Meeting
2023-08-26 12:10,2023-08-26 12:20,Business,Chandigarh,Kolkata,3.9,Meeting
2023-08-26 14:10,2023-08-26 14:33,Business,Jodhpur,Navi Mumbai,7.4,Meeting
2023-08-26 15:23,2023-08-26 15:35,Business,Bangalore,Jabalpur,1.5,Errand/Supplies
2023-08-26 15:59,2023-08-26 16:24,Business,Srinagar,Srinagar,7.9,Errand/Supplies
2023-08-26 16:55,2023-08-26 17:12,Business,Howrah,Kanpur,2.9,Meal/Entertain
2023-08-26 18:42,2023-08-26 18:56,Business,Tiruchirappalli,Tiruchirappalli,3.4,Meeting
2023-08-26 19:31,2023-08-26 19:54,Business,Dhanbad,Ludhiana,3.8,Meal/Entertain
2023-08-26 20:06,2023-08-26 20:16,Business,Nagpur,Allahabad,5.9,Errand/Supplies
2023-08-27 09:34,2023-08-27 10:11,Business,Thane,Patna,9.6,Meal/Entertain
2023-08-27 11:47,2023-08-27 12:06,Business,Varanasi,Thane,7.0,Meeting
2023-08-27 12:12,2023-08-27 12:17,Business,Aurangabad,Mysore,0.9,Meal/Entertain
2023-08-27 14:01,2023-08-27 15:44,Business,Chandigarh,Lucknow,86.6,Meeting
2023-08-27 16:15,2023-08-27 19:13,Business,Ghaziabad,Nashik,156.9,Meal/Entertain
2023-08-28 09:57,2023-08-28 10:18,Business,Visakhapatnam,Jabalpur,10.1,Customer Visit
2023-08-28 16:39,2023-08-28 16:55,Business,Hyderabad,Nagpur,6.2,Meal/Entertain
2023-08-28 17:37,2023-08-28 17:55,Business,Coimbatore,Navi Mumbai,5.3,Customer Visit
2023-08-28 21:15,2023-08-28 21:59,Business,Bhopal,Agra,12.1,Meeting
2023-08-29 12:02,2023-08-29 12:31,Business,Faridabad,Ghaziabad,10.8,Errand/Supplies
2023-08-29 13:38,2023-08-29 13:48,Business,Visakhapatnam,Vadodara,4.3,Customer Visit
2023-08-29 14:31,2023-08-29 14:41,Business,Dhanbad,Thane,2.5,Meal/Entertain
2023-08-29 14:49,2023-08-29 15:04,Business,Mysore,Bangalore,5.7,Temporary Site
2023-08-29 15:49,2023-08-29 15:59,Business,Bhopal,Agra,2.8,Meeting
2023-08-29 16:06,2023-08-29 16:21,Business,Delhi,Navi Mumbai,4.0,Meeting
2023-08-29 17:24,2023-08-29 17:41,Business,Jaipur,Kalyan,5.5,Errand/Supplies
2023-08-29 18:27,2023-08-29 18:36,Business,Vijayawada,Howrah,2.6,Errand/Supplies
2023-08-30 11:53,2023-08-30 12:05,Business,Raipur,Agra,2.1,Meeting
2023-08-30 12:46,2023-08-30 13:09,Business,Indore,Visakhapatnam,8.8,Errand/Supplies
2023-08-30 13:25,2023-08-30 13:46,Business,Patna,Delhi,4.4,Meal/Entertain
2023-08-30 14:00,2023-08-30 14:20,Business,Ghaziabad,Kolkata,5.3,Meal/Entertain
2023-08-30 17:27,2023-08-30 18:09,Business,Solapur,Rajkot,13.0,Meeting
2023-09-01 11:51,2023-09-01 12:24,Business,Lucknow,Agra,13.0,Meeting
2023-09-01 17:21,2023-09-01 17:36,Business,Jaipur,Madurai,10.6,Errand/Supplies
2023-09-01 18:49,2023-09-01 19:08,Business,Jabalpur,Hubli,2.2,Customer Visit
2023-09-02 11:37,2023-09-02 12:24,Business,Thane,Madurai,9.2,Meal/Entertain
2023-09-02 18:56,2023-09-02 19:37,Business,Agra,Rajkot,12.9,Customer Visit
2023-09-05 10:25,2023-09-05 10:44,Business,Ghaziabad,Indore,17.2,Meal/Entertain
2023-09-06 17:49,2023-09-06 17:49,Business,Nashik,Agra,69.1,Meal/Entertain
2023-09-10 10:28,2023-09-10 10:45,Business,Gwalior,Vasai,2.8,Meal/Entertain
2023-09-11 09:51,2023-09-11 09:55,Business,Hyderabad,Ahmedabad,8.6,Meal/Entertain
2023-09-11 21:40,2023-09-11 21:42,Business,Coimbatore,Visakhapatnam,9.8,Customer Visit
2023-09-12 08:07,2023-09-12 08:12,Business,Agra,Aurangabad,3.6,Customer Visit
2023-09-12 11:15,2023-09-12 11:24,Business,Ghaziabad,Kanpur,1.7,Meal/Entertain
2023-09-12 13:04,2023-09-12 13:44,Business,Navi Mumbai,Jabalpur,11.5,Meeting
2023-09-13 16:56,2023-09-13 17:02,Business,Aurangabad,Hubli,0.7,Meal/Entertain
2023-09-14 11:55,2023-09-14 11:59,Business,Pune,Kota,0.7,Errand/Supplies
2023-09-15 20:33,2023-09-15 20:38,Business,Solapur,Kalyan,0.9,Meeting
2023-09-16 07:08,2023-09-16 07:08,Business,Visakhapatnam,Mumbai,1.6,Customer Visit
2023-09-18 18:07,2023-09-18 18:11,Business,Gwalior,Ghaziabad,9.4,Meal/Entertain
2023-09-19 06:18,2023-09-19 06:49,Business,Vasai,Coimbatore,18.2,Meeting
2023-09-19 14:40,2023-09-19 14:56,Business,Ranchi,Ahmedabad,10.5,Customer Visit
2023-09-19 16:23,2023-09-19 16:31,Business,Varanasi,Hyderabad,5.7,Meeting
2023-09-19 17:36,2023-09-19 18:20,Business,Visakhapatnam,Tiruchirappalli,18.0,Customer Visit
2023-09-19 19:10,2023-09-19 19:49,Business,Allahabad,Faridabad,18.3,Errand/Supplies
2023-09-20 11:29,2023-09-20 11:48,Business,Tiruchirappalli,Chandigarh,16.5,Meeting
2023-09-20 20:47,2023-09-20 22:47,Business,Ranchi,Patna,9.6,Customer Visit
2023-09-23 13:15,2023-09-23 13:40,Business,Pune,Amritsar,2.9,Errand/Supplies
2023-09-24 14:34,2023-09-24 15:15,Business,Srinagar,Amritsar,8.2,Errand/Supplies
2023-09-24 20:29,2023-09-24 20:33,Business,Chandigarh,Jodhpur,2.4,Meeting
2023-09-27 08:33,2023-09-27 08:35,Business,Amritsar,Patna,5.8,Meeting
2023-09-27 13:21,2023-09-27 14:43,Business,Vijayawada,Srinagar,9.8,Errand/Supplies
2023-09-27 19:14,2023-09-27 20:34,Business,Rajkot,Kolkata,7.3,Meeting
2023-09-27 21:01,2023-09-28 02:37,Business,Vadodara,Bhopal,195.6,Meeting
2023-09-28 17:21,2023-09-28 19:36,Business,Madurai,Mysore,20.5,Customer Visit
2023-09-29 16:13,2023-09-29 18:47,Business,Agra,Ranchi,12.6,Customer Visit
2023-09-30 17:39,2023-09-30 20:20,Business,Vijayawada,Srinagar,37.7,Errand/Supplies
2023-09-30 20:59,2023-09-30 22:34,Business,Guwahati,Mysore,16.7,Meeting
2023-10-03 17:09,2023-10-03 17:12,Business,Ludhiana,Jodhpur,10.5,Meal/Entertain
2023-10-03 18:17,2023-10-03 18:34,Business,Bhopal,Kota,2.8,Meeting
2023-10-03 18:51,2023-10-03 19:01,Business,Tiruchirappalli,Delhi,1.6,Meeting
2023-10-03 22:04,2023-10-03 22:33,Business,Howrah,Howrah,12.7,Meal/Entertain
2023-10-04 09:50,2023-10-04 10:52,Business,Amritsar,Vadodara,28.6,Meeting
2023-10-04 12:17,2023-10-04 12:18,Business,Ranchi,Patna,15.1,Customer Visit
2023-10-06 08:49,2023-10-06 11:36,Business,Meerut,Amritsar,17.9,Meeting
2023-10-06 17:23,2023-10-06 17:40,Business,Ahmedabad,Kolkata,112.6,Meal/Entertain
2023-10-06 18:37,2023-10-06 18:39,Business,Jaipur,Thane,18.4,Errand/Supplies
2023-10-06 19:46,2023-10-06 20:26,Business,Raipur,Bangalore,13.8,Meeting
2023-10-07 10:56,2023-10-07 10:59,Business,Ahmedabad,Jodhpur,33.2,Meal/Entertain
2023-10-07 11:27,2023-10-07 11:50,Business,Howrah,Dhanbad,2.6,Meal/Entertain
2023-10-07 13:52,2023-10-07 14:08,Business,Indore,Mysore,5.8,Errand/Supplies
2023-10-07 14:29,2023-10-07 15:11,Business,Lucknow,Kota,8.3,Meeting
2023-10-07 15:47,2023-10-07 16:02,Business,Agra,Vijayawada,2.4,Customer Visit
2023-10-07 18:08,2023-10-07 18:27,Business,Jabalpur,Lucknow,3.1,Customer Visit
2023-10-07 18:33,2023-10-07 19:01,Business,Indore,Nashik,6.1,Errand/Supplies
2023-10-08 15:03,2023-10-08 15:03,Business,Faridabad,Jabalpur,3.6,Errand/Supplies
2023-10-08 18:15,2023-10-08 18:18,Business,Jaipur,Mumbai,8.0,Errand/Supplies
2023-10-09 14:04,2023-10-09 14:23,Business,Aurangabad,Rajkot,7.7,Temporary Site
2023-10-10 17:22,2023-10-10 17:28,Business,Srinagar,Jabalpur,1.7,Errand/Supplies
2023-10-10 17:33,2023-10-10 18:13,Business,Nashik,Raipur,9.5,Meal/Entertain
2023-10-11 01:27,2023-10-11 02:08,Business,Vasai,Dhanbad,17.1,Meeting
2023-10-12 19:18,2023-10-12 19:21,Business,Chennai,Pune,18.4,Meeting
2023-10-13 11:20,2023-10-13 11:58,Business,Allahabad,Vasai,9.8,Errand/Supplies
2023-10-13 12:08,2023-10-13 12:14,Business,Kolkata,Jodhpur,1.0,Customer Visit
2023-10-13 13:02,2023-10-13 13:02,Business,Chandigarh,Jaipur,0.7,Meeting
2023-10-13 13:37,2023-10-13 13:46,Business,Howrah,Rajkot,2.3,Meal/Entertain
2023-10-13 16:08,2023-10-13 16:53,Business,Vijayawada,Howrah,10.9,Errand/Supplies
2023-10-14 08:50,2023-10-14 09:44,Business,Jodhpur,Jabalpur,12.7,Meeting
2023-10-14 10:16,2023-10-14 10:52,Business,Gwalior,Chennai,12.4,Meal/Entertain
2023-10-14 15:56,2023-10-14 16:20,Business,Vadodara,Hyderabad,3.8,Meeting
2023-10-14 23:54,2023-10-15 02:06,Business,Meerut,Amritsar,17.0,Meeting
2023-10-15 22:28,2023-10-15 22:48,Business,Chandigarh,Allahabad,6.2,Meeting
2023-10-16 00:01,2023-10-16 00:14,Business,Chennai,Vasai,3.1,Meeting
2023-10-16 12:52,2023-10-16 13:11,Business,Meerut,Jabalpur,10.5,Meeting
2023-10-16 14:40,2023-10-16 15:01,Business,Chennai,Coimbatore,8.1,Meeting
2023-10-16 15:10,2023-10-16 15:19,Business,Thane,Jabalpur,3.1,Meal/Entertain
2023-10-16 19:27,2023-10-16 19:33,Business,Rajkot,Vadodara,2.1,Meeting
2023-10-16 20:30,2023-10-16 20:39,Business,Srinagar,Pune,4.3,Errand/Supplies
2023-10-16 21:34,2023-10-16 21:41,Business,Vadodara,Madurai,2.5,Meal/Entertain
2023-10-17 15:19,2023-10-17 15:57,Business,Ahmedabad,Howrah,20.6,Meal/Entertain
2023-10-17 16:29,2023-10-17 17:11,Business,Solapur,Nashik,17.6,Meeting
2023-10-17 18:02,2023-10-17 18:16,Business,Faridabad,Bhopal,5.6,Errand/Supplies
2023-10-17 18:31,2023-10-17 18:45,Business,Bangalore,Thane,3.3,Errand/Supplies
2023-10-17 19:08,2023-10-17 19:25,Business,Nashik,Kanpur,5.3,Meal/Entertain
2023-10-18 08:12,2023-10-18 08:22,Business,Vadodara,Jodhpur,3.3,Meeting
2023-10-18 08:53,2023-10-18 09:02,Business,Gwalior,Thane,3.3,Meal/Entertain
2023-10-18 10:41,2023-10-18 11:09,Business,Varanasi,Howrah,7.9,Temporary Site
2023-10-18 18:12,2023-10-18 18:33,Business,Mysore,Agra,13.0,Customer Visit
2023-10-18 19:03,2023-10-18 19:13,Business,Raipur,Amritsar,3.0,Meeting
2023-10-18 20:31,2023-10-18 20:37,Business,Hyderabad,Srinagar,3.0,Meal/Entertain
2023-10-19 09:33,2023-10-19 09:47,Business,Kota,Aurangabad,3.8,Meal/Entertain
2023-10-19 09:54,2023-10-19 10:21,Business,Coimbatore,Varanasi,9.5,Customer Visit
2023-10-19 13:45,2023-10-19 13:56,Business,Bangalore,Tiruchirappalli,1.7,Errand/Supplies
2023-10-19 14:02,2023-10-19 14:31,Business,Kota,Kolkata,10.8,Meal/Entertain
2023-10-19 15:44,2023-10-19 16:02,Business,Kalyan,Jaipur,4.1,Meal/Entertain
2023-10-19 16:06,2023-10-19 16:19,Business,Jaipur,Visakhapatnam,2.2,Errand/Supplies
2023-10-19 16:33,2023-10-19 17:01,Business,Kolkata,Kalyan,4.6,Customer Visit
2023-10-20 11:26,2023-10-20 11:34,Business,Thane,Nashik,3.1,Meal/Entertain
2023-10-20 12:19,2023-10-20 13:17,Business,Rajkot,Ranchi,47.7,Meeting
2023-10-20 20:44,2023-10-20 21:37,Business,Kota,Kota,44.6,Meal/Entertain
2023-10-21 10:06,2023-10-21 10:21,Business,Gwalior,Aurangabad,13.2,Meal/Entertain
2023-10-22 00:54,2023-10-22 01:09,Business,Jaipur,Bhopal,8.7,Errand/Supplies
2023-10-22 13:26,2023-10-22 14:03,Business,Mysore,Vadodara,17.2,Customer Visit
2023-10-22 17:08,2023-10-22 17:55,Business,Nagpur,Thane,14.0,Errand/Supplies
2023-10-23 09:24,2023-10-23 10:05,Business,Meerut,Delhi,28.1,Meeting
2023-10-23 12:17,2023-10-23 12:59,Business,Solapur,Howrah,28.2,Meeting
2023-10-23 19:04,2023-10-23 19:14,Business,Kalyan,Kolkata,3.1,Meal/Entertain
2023-10-23 21:10,2023-10-23 21:25,Business,Delhi,Mumbai,3.1,Customer Visit
2023-10-24 14:57,2023-10-24 15:26,Business,Delhi,Meerut,16.4,Meeting
2023-10-24 15:33,2023-10-24 16:13,Business,Tiruchirappalli,Indore,15.4,Meeting
2023-10-24 16:34,2023-10-24 16:41,Business,Hyderabad,Coimbatore,2.2,Meal/Entertain
2023-10-25 13:27,2023-10-25 14:08,Business,Mysore,Aurangabad,11.2,Customer Visit
2023-10-25 15:04,2023-10-25 15:11,Business,Kota,Howrah,2.2,Meal/Entertain
2023-10-25 15:16,2023-10-25 15:33,Business,Ludhiana,Vasai,3.6,Meal/Entertain
2023-10-25 20:00,2023-10-25 20:11,Business,Chandigarh,Jabalpur,3.6,Meal/Entertain
2023-10-25 20:54,2023-10-25 21:03,Business,Chennai,Jabalpur,4.9,Meeting
2023-10-25 22:24,2023-10-25 22:45,Business,Coimbatore,Kalyan,8.7,Errand/Supplies
2023-10-26 19:25,2023-10-26 19:31,Business,Kota,Agra,2.1,Meeting
2023-10-26 20:53,2023-10-26 21:03,Business,Raipur,Gwalior,2.1,Meeting
2023-10-27 18:51,2023-10-27 19:16,Business,Patna,Ghaziabad,8.4,Meeting
2023-10-27 19:20,2023-10-27 19:35,Business,Gwalior,Kota,5.9,Meal/Entertain
2023-10-27 19:52,2023-10-27 20:21,Business,Patna,Solapur,12.1,Meal/Entertain
2023-10-27 20:47,2023-10-27 20:54,Business,Allahabad,Meerut,3.9,Errand/Supplies
2023-10-27 21:26,2023-10-27 21:48,Business,Thane,Lucknow,6.2,Meal/Entertain
2023-10-28 11:34,2023-10-28 11:52,Business,Hyderabad,Hubli,10.4,Meeting
2023-10-28 13:06,2023-10-28 13:36,Business,Raipur,Jodhpur,9.9,Meeting
2023-10-28 15:53,2023-10-28 17:59,Business,Thane,Varanasi,107.0,Meeting
2023-10-28 18:13,2023-10-28 20:07,Business,Meerut,Guwahati,133.6,Meeting
2023-10-28 20:13,2023-10-28 22:00,Business,Aurangabad,Dhanbad,91.8,Meeting
2023-10-29 15:22,2023-10-29 17:05,Business,Faridabad,Chennai,40.7,Meeting
2023-10-29 17:13,2023-10-29 19:19,Business,Navi Mumbai,Tiruchirappalli,75.7,Meeting
2023-10-30 07:49,2023-10-30 08:30,Business,Madurai,Hyderabad,29.8,Customer Visit
2023-10-30 09:07,2023-10-30 10:09,Business,Mysore,Agra,16.3,Customer Visit
2023-10-30 10:11,2023-10-30 10:38,Business,Jabalpur,Jabalpur,6.5,Customer Visit
2023-10-30 10:51,2023-10-30 11:21,Business,Jaipur,Faridabad,6.3,Errand/Supplies
2023-10-30 12:24,2023-10-30 12:35,Business,Pune,Bhopal,6.6,Errand/Supplies
2023-10-30 12:58,2023-10-30 13:18,Business,Kanpur,Mysore,15.2,Customer Visit
2023-10-30 13:24,2023-10-30 14:37,Business,Faridabad,Ludhiana,68.4,Errand/Supplies
2023-10-30 15:22,2023-10-30 18:23,Business,Tiruchirappalli,Raipur,195.9,Meeting
2023-10-30 18:26,2023-10-30 19:39,Business,Faridabad,Madurai,45.2,Errand/Supplies
2023-10-31 18:11,2023-10-31 18:20,Business,Thane,Dhanbad,3.2,Meal/Entertain
2023-10-31 18:47,2023-10-31 19:16,Business,Meerut,Hyderabad,10.3,Meeting
2023-10-31 20:18,2023-10-31 20:44,Business,Allahabad,Indore,13.1,Errand/Supplies
2023-10-31 21:45,2023-10-31 22:10,Business,Guwahati,Mysore,9.6,Errand/Supplies
2023-11-01 11:50,2023-11-01 12:27,Business,Mysore,Hyderabad,16.5,Customer Visit
2023-11-01 16:29,2023-11-01 17:02,Business,Chennai,Lucknow,12.8,Meeting
2023-11-01 17:35,2023-11-01 17:42,Business,Rajkot,Varanasi,1.2,Meeting
2023-11-01 19:14,2023-11-01 19:20,Business,Guwahati,Ahmedabad,1.0,Meeting
2023-11-01 19:59,2023-11-01 20:12,Business,Hubli,Nagpur,4.1,Meeting
2023-11-01 20:41,2023-11-01 20:55,Business,Meerut,Bhopal,4.2,Meal/Entertain
2023-11-02 15:10,2023-11-02 15:18,Business,Rajkot,Vadodara,1.4,Meeting
2023-11-02 15:45,2023-11-02 15:52,Business,Kota,Vasai,1.8,Meal/Entertain
2023-11-02 16:46,2023-11-02 17:11,Business,Chandigarh,Mumbai,8.5,Meeting
2023-11-02 17:34,2023-11-02 17:49,Business,Hyderabad,Solapur,5.0,Meal/Entertain
2023-11-02 17:53,2023-11-02 18:00,Business,Kalyan,Gwalior,3.8,Meal/Entertain
2023-11-03 11:28,2023-11-03 11:34,Business,Varanasi,Nagpur,2.5,Meeting
2023-11-03 12:43,2023-11-03 12:49,Business,Ghaziabad,Aurangabad,2.4,Meal/Entertain
2023-11-03 13:42,2023-11-03 13:47,Business,Coimbatore,Allahabad,1.4,Customer Visit
2023-11-03 14:13,2023-11-03 14:26,Business,Jodhpur,Varanasi,1.8,Meeting
2023-11-03 18:51,2023-11-03 19:08,Business,Indore,Chennai,3.1,Meal/Entertain
2023-11-03 22:46,2023-11-03 22:58,Business,Thane,Visakhapatnam,3.1,Customer Visit
2023-11-04 10:02,2023-11-04 10:18,Business,Jabalpur,Visakhapatnam,7.9,Temporary Site
2023-11-04 18:14,2023-11-04 18:21,Business,Pune,Coimbatore,3.8,Errand/Supplies
2023-11-04 21:04,2023-11-04 21:20,Business,Kanpur,Kolkata,4.3,Customer Visit
2023-11-04 22:12,2023-11-04 22:25,Business,Kanpur,Chennai,3.9,Customer Visit
2023-11-05 08:34,2023-11-05 08:43,Business,Bhopal,Mysore,2.2,Meeting
2023-11-05 17:29,2023-11-05 17:40,Business,Solapur,Faridabad,2.8,Meeting
2023-11-05 19:20,2023-11-05 19:28,Business,Bhopal,Chandigarh,2.2,Meeting
2023-11-06 10:50,2023-11-06 11:04,Business,Meerut,Hubli,2.4,Meeting
2023-11-06 16:05,2023-11-06 16:22,Business,Guwahati,Ahmedabad,2.8,Meeting
2023-11-06 16:27,2023-11-06 17:28,Business,Ranchi,Hubli,43.9,Customer Visit
2023-11-06 19:04,2023-11-06 19:12,Business,Dhanbad,Howrah,1.8,Meal/Entertain
2023-11-06 20:06,2023-11-06 20:21,Business,Indore,Mysore,3.3,Errand/Supplies
2023-11-07 12:28,2023-11-07 12:57,Business,Patna,Madurai,11.8,Between Offices
2023-11-07 19:17,2023-11-07 19:57,Business,Navi Mumbai,Indore,13.2,Between Offices
2023-11-08 10:29,2023-11-08 10:57,Business,Kalyan,Tiruchirappalli,12.2,Between Offices
2023-11-08 12:16,2023-11-08 12:49,Business,Raipur,Kalyan,11.3,Meeting
2023-11-08 13:41,2023-11-08 14:01,Business,Solapur,Hubli,3.6,Meeting
2023-11-08 16:21,2023-11-08 16:34,Business,Varanasi,Rajkot,3.0,Meeting
2023-11-09 13:08,2023-11-09 13:41,Business,Kota,Rajkot,11.4,Meal/Entertain
2023-11-09 15:58,2023-11-09 16:04,Business,Varanasi,Hyderabad,0.9,Meeting
2023-11-09 17:31,2023-11-09 18:03,Business,Solapur,Jabalpur,6.2,Meeting
2023-11-09 18:09,2023-11-09 18:14,Business,Rajkot,Visakhapatnam,0.7,Meeting
2023-11-09 18:21,2023-11-09 18:35,Business,Jabalpur,Nashik,5.5,Meeting
2023-11-09 18:40,2023-11-09 19:17,Business,Ghaziabad,Mysore,12.7,Customer Visit
2023-11-09 20:52,2023-11-09 21:02,Business,Amritsar,Kolkata,2.6,Meeting
2023-11-09 21:56,2023-11-09 22:02,Business,Nashik,Varanasi,1.1,Meal/Entertain
2023-11-10 09:46,2023-11-10 10:15,Business,Dhanbad,Solapur,12.6,Temporary Site
2023-11-10 10:20,2023-11-10 10:31,Business,Vadodara,Amritsar,1.2,Meeting
2023-11-10 14:57,2023-11-10 15:07,Business,Ranchi,Visakhapatnam,1.1,Customer Visit
2023-11-10 15:17,2023-11-10 15:22,Business,Meerut,Dhanbad,9.9,Temporary Site
2023-11-10 15:30,2023-11-10 15:53,Business,Bangalore,Dhanbad,6.0,Meeting
2023-11-10 19:18,2023-11-10 19:21,Business,Hyderabad,Ranchi,0.8,Meal/Entertain
2023-11-11 09:35,2023-11-11 10:23,Business,Meerut,Visakhapatnam,45.9,Customer Visit
2023-11-11 12:58,2023-11-11 13:13,Business,Vadodara,Ahmedabad,4.0,Meeting
2023-11-11 14:20,2023-11-11 14:32,Business,Mysore,Kolkata,2.5,Customer Visit
2023-11-11 14:39,2023-11-11 15:46,Business,Chennai,Chennai,36.6,Customer Visit
2023-11-11 18:30,2023-11-11 18:43,Business,Chennai,Chandigarh,2.9,Meeting
2023-11-11 21:08,2023-11-11 21:18,Business,Chennai,Solapur,2.6,Meeting
2023-11-12 10:32,2023-11-12 10:52,Business,Kalyan,Tiruchirappalli,2.3,Meal/Entertain
2023-11-12 10:55,2023-11-12 11:25,Business,Allahabad,Hyderabad,6.4,Errand/Supplies
2023-11-12 13:07,2023-11-12 13:15,Business,Ludhiana,Delhi,1.4,Meal/Entertain
2023-11-12 13:46,2023-11-12 13:50,Business,Solapur,Ghaziabad,0.6,Meeting
2023-11-12 14:22,2023-11-12 14:53,Business,Solapur,Gwalior,5.9,Meeting
2023-11-12 15:14,2023-11-12 15:21,Business,Madurai,Ghaziabad,0.8,Customer Visit
2023-11-12 15:25,2023-11-12 15:36,Business,Raipur,Chandigarh,1.3,Meeting
2023-11-12 15:40,2023-11-12 15:59,Business,Nagpur,Jabalpur,3.7,Errand/Supplies
2023-11-13 08:54,2023-11-13 09:02,Business,Vasai,Ranchi,2.3,Meeting
2023-11-13 09:27,2023-11-13 09:53,Business,Hyderabad,Agra,2.6,Meal/Entertain
2023-11-13 10:31,2023-11-13 10:37,Business,Ludhiana,Kanpur,1.9,Meal/Entertain
2023-11-13 11:04,2023-11-13 11:16,Business,Visakhapatnam,Faridabad,2.1,Customer Visit
2023-11-13 12:22,2023-11-13 12:51,Business,Delhi,Kanpur,4.0,Meeting
2023-11-13 13:05,2023-11-13 13:11,Business,Kolkata,Bangalore,0.9,Customer Visit
2023-11-13 13:14,2023-11-13 13:18,Business,Jabalpur,Raipur,0.9,Customer Visit
2023-11-13 14:35,2023-11-13 14:46,Business,Indore,Kanpur,2.4,Errand/Supplies
2023-11-13 15:14,2023-11-13 15:24,Business,Amritsar,Allahabad,1.9,Meeting
2023-11-13 15:47,2023-11-13 15:59,Business,Howrah,Kota,1.9,Meal/Entertain
2023-11-14 11:24,2023-11-14 12:13,Business,Kolkata,Chennai,44.6,Customer Visit
2023-11-14 13:40,2023-11-14 14:33,Business,Madurai,Gwalior,43.6,Customer Visit
2023-11-14 15:27,2023-11-14 15:36,Business,Dhanbad,Patna,2.5,Meal/Entertain
2023-11-14 20:19,2023-11-14 20:30,Business,Indore,Hubli,3.7,Errand/Supplies
2023-11-15 13:59,2023-11-15 14:06,Business,Amritsar,Meerut,5.1,Meeting
2023-11-15 14:09,2023-11-15 14:26,Business,Srinagar,Jodhpur,9.7,Temporary Site
2023-11-15 20:44,2023-11-15 21:00,Business,Faridabad,Jaipur,11.8,Temporary Site
2023-11-16 20:21,2023-11-16 20:27,Business,Mumbai,Visakhapatnam,2.3,Temporary Site
2023-11-16 22:52,2023-11-16 23:02,Business,Dhanbad,Rajkot,3.1,Meal/Entertain
2023-11-17 10:13,2023-11-17 10:44,Business,Guwahati,Kota,16.3,Customer Visit
2023-11-18 20:09,2023-11-18 20:19,Business,Chennai,Indore,3.1,Meal/Entertain
2023-11-18 21:23,2023-11-18 21:34,Business,Delhi,Gwalior,5.2,Meal/Entertain
2023-11-18 21:56,2023-11-18 22:21,Business,Allahabad,Amritsar,6.1,Meeting
2023-11-19 13:51,2023-11-19 14:10,Business,Agra,Ranchi,10.3,Meeting
2023-11-19 14:30,2023-11-19 14:51,Business,Lucknow,Chandigarh,10.5,Meeting
2023-11-19 16:01,2023-11-19 16:06,Business,Hubli,Nashik,1.5,Meeting
2023-11-19 16:27,2023-11-19 16:41,Business,Visakhapatnam,Gwalior,1.8,Customer Visit
2023-11-19 17:41,2023-11-19 17:54,Business,Delhi,Jabalpur,5.4,Errand/Supplies
2023-11-19 21:14,2023-11-19 21:35,Business,Mumbai,Faridabad,5.4,Customer Visit
2023-11-20 10:27,2023-11-20 11:32,Business,Hubli,Lucknow,39.2,Between Offices
2023-11-20 11:58,2023-11-20 12:28,Business,Jabalpur,Visakhapatnam,6.4,Customer Visit
2023-11-20 14:58,2023-11-20 15:07,Business,Hubli,Chandigarh,2.7,Meeting
2023-11-20 17:45,2023-11-20 18:37,Business,Mumbai,Kanpur,18.5,Errand/Supplies
2023-11-21 13:37,2023-11-21 13:49,Business,Gwalior,Nashik,2.5,Meal/Entertain
2023-11-21 14:34,2023-11-21 14:44,Business,Hubli,Jaipur,2.1,Meal/Entertain
2023-11-21 17:50,2023-11-21 18:04,Business,Varanasi,Chennai,6.7,Errand/Supplies
2023-11-21 18:18,2023-11-21 18:27,Business,Thane,Hubli,3.5,Meal/Entertain
2023-11-21 18:43,2023-11-21 18:51,Business,Jabalpur,Jodhpur,3.4,Errand/Supplies
2023-11-22 15:12,2023-11-22 15:27,Business,Ghaziabad,Coimbatore,5.5,Meeting
2023-11-22 15:31,2023-11-22 15:44,Business,Vasai,Mysore,4.1,Meeting
2023-11-22 15:51,2023-11-22 16:43,Business,Mysore,Howrah,12.7,Customer Visit
2023-11-22 18:18,2023-11-22 18:28,Business,Patna,Allahabad,3.0,Meal/Entertain
2023-11-22 21:02,2023-11-22 21:14,Business,Agra,Nagpur,3.5,Customer Visit
2023-11-23 15:34,2023-11-23 15:50,Business,Aurangabad,Ranchi,5.9,Meal/Entertain
2023-11-23 16:18,2023-11-23 16:29,Business,Solapur,Guwahati,1.9,Meeting
2023-11-23 16:49,2023-11-23 17:00,Business,Guwahati,Amritsar,3.3,Meeting
2023-11-23 18:37,2023-11-23 18:47,Business,Tiruchirappalli,Hyderabad,1.3,Meeting
2023-11-25 11:47,2023-11-25 12:04,Business,Delhi,Ranchi,10.3,Meeting
2023-11-25 13:13,2023-11-25 13:31,Business,Nashik,Hyderabad,11.1,Meeting
2023-11-26 15:54,2023-11-26 15:59,Business,Pune,Ghaziabad,1.4,Errand/Supplies
2023-11-26 17:00,2023-11-26 17:12,Business,Ludhiana,Hubli,5.1,Meeting
2023-11-26 17:36,2023-11-26 17:56,Business,Kalyan,Bangalore,9.0,Meeting
2023-11-26 18:29,2023-11-26 19:04,Business,Patna,Tiruchirappalli,13.3,Between Offices
2023-11-26 19:47,2023-11-26 19:54,Business,Vasai,Patna,2.5,Errand/Supplies
2023-11-27 15:59,2023-11-27 16:06,Business,Kalyan,Kota,3.3,Meal/Entertain
2023-11-27 18:55,2023-11-27 19:09,Business,Aurangabad,Vijayawada,2.9,Meal/Entertain
2023-11-30 11:03,2023-11-30 11:34,Business,Ranchi,Nagpur,8.5,Customer Visit
2023-11-30 11:53,2023-11-30 12:35,Business,Coimbatore,Ludhiana,6.7,Temporary Site
2023-11-30 12:43,2023-11-30 12:53,Business,Amritsar,Allahabad,3.1,Meeting
2023-12-01 07:44,2023-12-01 07:59,Business,Varanasi,Meerut,5.5,Meeting
2023-12-01 08:37,2023-12-01 08:53,Business,Agra,Varanasi,5.5,Errand/Supplies
2023-12-01 18:00,2023-12-01 18:12,Business,Howrah,Bhopal,2.9,Meal/Entertain
2023-12-01 20:36,2023-12-01 20:46,Business,Bhopal,Ghaziabad,2.9,Customer Visit
2023-12-02 12:12,2023-12-02 12:23,Business,Faridabad,Hubli,5.1,Meal/Entertain
2023-12-02 13:07,2023-12-02 13:22,Business,Nashik,Vasai,5.3,Customer Visit
2023-12-02 20:41,2023-12-02 20:48,Business,Ghaziabad,Gwalior,3.3,Meal/Entertain
2023-12-02 22:59,2023-12-02 23:07,Business,Visakhapatnam,Rajkot,3.0,Customer Visit
2023-12-03 18:35,2023-12-03 18:56,Business,Madurai,Lucknow,6.6,Errand/Supplies
2023-12-03 19:08,2023-12-03 19:15,Business,Kanpur,Vasai,1.8,Customer Visit
2023-12-03 20:31,2023-12-03 20:41,Business,Hubli,Thane,3.0,Customer Visit
2023-12-04 18:56,2023-12-04 19:03,Business,Thane,Ghaziabad,2.9,Meal/Entertain
2023-12-04 20:23,2023-12-04 20:34,Business,Agra,Aurangabad,3.4,Customer Visit
2023-12-05 18:04,2023-12-05 18:17,Business,Vijayawada,Ludhiana,4.1,Errand/Supplies
2023-12-05 19:22,2023-12-05 19:37,Business,Agra,Bangalore,3.8,Meal/Entertain
2023-12-07 12:03,2023-12-07 12:32,Business,Chandigarh,Nashik,6.6,Meeting
2023-12-07 12:35,2023-12-07 12:46,Business,Mumbai,Bhopal,4.0,Meeting
2023-12-07 19:53,2023-12-07 20:13,Business,Raipur,Delhi,7.0,Customer Visit
2023-12-07 21:13,2023-12-07 21:50,Business,Patna,Gwalior,6.9,Meal/Entertain
2023-12-08 14:19,2023-12-08 14:32,Business,Mumbai,Kolkata,3.4,Errand/Supplies
2023-12-08 14:53,2023-12-08 15:02,Business,Aurangabad,Nagpur,3.4,Errand/Supplies
2023-12-08 19:22,2023-12-08 19:27,Business,Guwahati,Guwahati,2.0,Meeting
2023-12-08 21:26,2023-12-08 21:31,Business,Thane,Bhopal,2.0,Errand/Supplies
2023-12-09 12:09,2023-12-09 12:24,Business,Nagpur,Jodhpur,5.1,Errand/Supplies
2023-12-09 13:15,2023-12-09 13:43,Business,Hyderabad,Kalyan,8.8,Temporary Site
2023-12-09 20:11,2023-12-09 20:34,Business,Chennai,Jabalpur,5.6,Meeting
2023-12-09 22:03,2023-12-09 22:57,Business,Coimbatore,Solapur,18.9,Customer Visit
2023-12-10 12:43,2023-12-10 13:16,Business,Patna,Nashik,15.6,Meeting
2023-12-10 14:42,2023-12-10 15:18,Business,Chandigarh,Faridabad,15.6,Errand/Supplies
2023-12-10 18:17,2023-12-10 18:27,Business,Vasai,Srinagar,3.0,Meal/Entertain
2023-12-10 22:09,2023-12-10 22:21,Business,Pune,Ludhiana,3.1,Customer Visit
2023-12-11 16:06,2023-12-11 16:16,Business,Srinagar,Hubli,3.0,Meal/Entertain
2023-12-11 19:05,2023-12-11 19:15,Business,Visakhapatnam,Howrah,4.8,Errand/Supplies
2023-12-11 21:48,2023-12-11 21:56,Business,Hyderabad,Mysore,2.1,Errand/Supplies
2023-12-12 13:22,2023-12-12 13:32,Business,Jaipur,Chennai,3.1,Errand/Supplies
2023-12-12 13:36,2023-12-12 13:51,Business,Indore,Jabalpur,4.4,Meal/Entertain
2023-12-12 14:26,2023-12-12 14:39,Business,Indore,Kolkata,4.7,Customer Visit
2023-12-12 17:51,2023-12-12 18:01,Business,Vadodara,Chandigarh,3.0,Meal/Entertain
2023-12-12 20:48,2023-12-12 20:57,Business,Kanpur,Kota,3.0,Customer Visit
2023-12-13 18:19,2023-12-13 18:29,Business,Vadodara,Lucknow,4.2,Errand/Supplies
2023-12-13 20:20,2023-12-13 20:29,Business,Allahabad,Vasai,4.1,Meal/Entertain
2023-12-14 16:52,2023-12-14 17:10,Business,Chandigarh,Vijayawada,3.4,Meeting
2023-12-14 17:22,2023-12-14 17:34,Business,Gwalior,Bangalore,3.3,Meal/Entertain
2023-12-14 17:50,2023-12-14 18:00,Business,Bangalore,Jaipur,3.0,Meal/Entertain
2023-12-14 20:24,2023-12-14 20:40,Business,Kota,Hubli,3.1,Customer Visit
2023-12-15 14:20,2023-12-15 14:54,Business,Hubli,Chandigarh,10.6,Meeting
2023-12-17 15:38,2023-12-17 16:12,Business,Patna,Aurangabad,4.8,Airport/Travel
2023-12-17 17:19,2023-12-17 17:59,Business,Coimbatore,Bhopal,5.3,Temporary Site
2023-12-18 13:03,2023-12-18 13:41,Business,Ghaziabad,Aurangabad,4.9,Errand/Supplies
2023-12-18 16:38,2023-12-18 17:25,Business,Jaipur,Ghaziabad,10.2,Errand/Supplies
2023-12-18 20:35,2023-12-18 21:04,Business,Rajkot,Delhi,9.2,Meeting
2023-12-19 09:08,2023-12-19 09:36,Business,Pune,Howrah,7.7,Errand/Supplies
2023-12-19 10:15,2023-12-19 10:34,Business,Solapur,Nashik,5.9,Temporary Site
2023-12-19 13:04,2023-12-19 13:08,Business,Aurangabad,Kanpur,0.7,Errand/Supplies
2023-12-19 13:24,2023-12-19 13:35,Business,Patna,Vadodara,1.3,Meal/Entertain
2023-12-19 14:07,2023-12-19 14:15,Business,Mumbai,Aurangabad,2.5,Customer Visit
2023-12-19 14:18,2023-12-19 14:32,Business,Srinagar,Chandigarh,5.3,Errand/Supplies
2023-12-19 14:37,2023-12-19 14:50,Business,Vasai,Srinagar,5.4,Meeting
2023-12-19 15:09,2023-12-19 15:38,Business,Vijayawada,Rajkot,10.2,Customer Visit
2023-12-19 16:50,2023-12-19 17:09,Business,Madurai,Ranchi,7.2,Customer Visit
2023-12-19 19:05,2023-12-19 19:17,Business,Jodhpur,Agra,2.2,Meeting
2023-12-19 19:55,2023-12-19 20:30,Business,Amritsar,Rajkot,11.0,Meeting
2023-12-20 08:49,2023-12-20 09:24,Business,Jabalpur,Ranchi,12.0,Customer Visit
2023-12-20 10:30,2023-12-20 10:48,Business,Howrah,Howrah,3.3,Errand/Supplies
2023-12-20 11:30,2023-12-20 12:17,Business,Kota,Chandigarh,19.4,Meeting
2023-12-20 13:14,2023-12-20 13:20,Business,Chandigarh,Pune,1.7,Errand/Supplies
2023-12-20 13:54,2023-12-20 14:17,Business,Thane,Pune,5.7,Temporary Site
2023-12-20 16:14,2023-12-20 16:24,Business,Bangalore,Ahmedabad,1.8,Errand/Supplies
2023-12-20 16:56,2023-12-20 17:07,Business,Bhopal,Raipur,1.4,Errand/Supplies
2023-12-20 18:47,2023-12-20 19:21,Business,Nashik,Coimbatore,10.3,Customer Visit
2023-12-21 07:42,2023-12-21 08:10,Business,Pune,Bhopal,11.5,Meeting
2023-12-21 10:14,2023-12-21 10:30,Business,Rajkot,Allahabad,4.9,Errand/Supplies
2023-12-21 11:35,2023-12-21 11:49,Business,Amritsar,Jodhpur,3.5,Meal/Entertain
2023-12-21 12:51,2023-12-21 13:33,Business,Ludhiana,Varanasi,16.2,Meeting
2023-12-21 15:38,2023-12-21 15:49,Business,Jaipur,Mumbai,2.0,Errand/Supplies
2023-12-21 15:55,2023-12-21 16:05,Business,Coimbatore,Bhopal,2.1,Errand/Supplies
2023-12-21 17:45,2023-12-21 17:54,Business,Mysore,Rajkot,2.1,Meeting
2023-12-21 17:59,2023-12-21 18:31,Business,Gwalior,Jodhpur,7.2,Customer Visit
2023-12-21 19:49,2023-12-21 20:35,Business,Jodhpur,Srinagar,12.0,Meeting
2023-12-21 20:56,2023-12-21 23:42,Business,Navi Mumbai,Ghaziabad,103.0,Meeting
2023-12-22 15:40,2023-12-22 16:38,Business,Kanpur,Faridabad,32.3,Meeting
2023-12-22 17:04,2023-12-22 17:20,Business,Tiruchirappalli,Chennai,5.3,Customer Visit
2023-12-22 17:27,2023-12-22 17:53,Business,Tiruchirappalli,Mumbai,11.6,Meeting
2023-12-22 17:56,2023-12-22 18:29,Business,Madurai,Bhopal,23.2,Meeting
2023-12-22 18:31,2023-12-22 18:37,Business,Srinagar,Ludhiana,3.2,Errand/Supplies
2023-12-22 18:38,2023-12-22 18:47,Business,Solapur,Indore,12.3,Temporary Site
2023-12-22 19:04,2023-12-22 19:50,Business,Lucknow,Bangalore,14.0,Meeting
2023-12-22 21:41,2023-12-22 21:53,Business,Indore,Kota,2.1,Meal/Entertain
2023-12-22 23:27,2023-12-22 23:32,Business,Jodhpur,Kolkata,2.1,Customer Visit
2023-12-23 09:21,2023-12-23 09:41,Business,Guwahati,Nashik,3.0,Meeting
2023-12-23 11:33,2023-12-23 11:58,Business,Srinagar,Dhanbad,6.2,Meeting
2023-12-23 14:15,2023-12-23 15:25,Business,Rajkot,Dhanbad,9.6,Meeting
2023-12-23 16:23,2023-12-23 16:34,Business,Pune,Srinagar,1.3,Errand/Supplies
2023-12-23 17:34,2023-12-23 18:27,Business,Nagpur,Nagpur,7.1,Meal/Entertain
2023-12-24 07:43,2023-12-24 08:04,Business,Thane,Mumbai,6.3,Meal/Entertain
2023-12-24 09:19,2023-12-24 09:55,Business,Jodhpur,Dhanbad,10.7,Meal/Entertain
2023-12-24 10:34,2023-12-24 10:53,Business,Indore,Dhanbad,5.3,Meal/Entertain
2023-12-24 12:51,2023-12-24 12:53,Business,Faridabad,Navi Mumbai,1.6,Errand/Supplies
2023-12-24 13:08,2023-12-24 13:29,Business,Ahmedabad,Ghaziabad,3.6,Errand/Supplies
2023-12-24 17:12,2023-12-24 17:27,Business,Ranchi,Howrah,1.7,Errand/Supplies
2023-12-24 19:12,2023-12-24 19:27,Business,Vasai,Nashik,2.9,Meal/Entertain
2023-12-24 22:04,2023-12-24 22:09,Business,Pune,Delhi,0.6,Errand/Supplies
2023-12-25 00:10,2023-12-25 00:14,Business,Raipur,Navi Mumbai,0.6,Errand/Supplies
2023-12-25 19:15,2023-12-25 19:26,Business,Vadodara,Delhi,2.3,Meal/Entertain
2023-12-25 21:58,2023-12-25 22:04,Business,Lucknow,Raipur,2.3,Meal/Entertain
2023-12-26 08:30,2023-12-26 08:41,Business,Vadodara,Kanpur,3.2,Meal/Entertain
2023-12-26 09:05,2023-12-26 09:19,Business,Amritsar,Ahmedabad,6.2,Customer Visit
2023-12-26 10:15,2023-12-26 10:36,Business,Solapur,Kanpur,7.7,Customer Visit
2023-12-26 11:29,2023-12-26 11:42,Business,Mysore,Vijayawada,3.8,Customer Visit
2023-12-26 13:09,2023-12-26 13:43,Business,Guwahati,Amritsar,7.9,Meeting
2023-12-27 07:02,2023-12-27 07:14,Business,Chandigarh,Vijayawada,4.9,Temporary Site
2023-12-27 08:37,2023-12-27 08:59,Business,Srinagar,Mysore,5.0,Meal/Entertain
2023-12-27 12:53,2023-12-27 12:57,Business,Lucknow,Vasai,0.6,Meal/Entertain
2023-12-27 14:49,2023-12-27 15:03,Business,Amritsar,Indore,3.1,Customer Visit
2023-12-27 16:34,2023-12-27 16:58,Business,Mysore,Rajkot,7.9,Meeting
2023-12-27 19:19,2023-12-27 19:50,Business,Ranchi,Srinagar,5.5,Customer Visit
2023-12-28 08:34,2023-12-28 09:06,Business,Howrah,Howrah,10.3,Meal/Entertain
2023-12-28 11:42,2023-12-28 12:12,Business,Thane,Hyderabad,10.4,Errand/Supplies
2023-12-28 13:53,2023-12-28 14:01,Business,Indore,Patna,2.0,Errand/Supplies
2023-12-28 15:04,2023-12-28 15:39,Business,Navi Mumbai,Gwalior,8.5,Meal/Entertain
2023-12-28 17:02,2023-12-28 17:16,Business,Nashik,Ludhiana,4.4,Errand/Supplies
2023-12-28 18:33,2023-12-28 18:56,Business,Allahabad,Aurangabad,3.8,Errand/Supplies
2023-12-28 22:44,2023-12-28 23:18,Business,Indore,Jaipur,5.1,Errand/Supplies
2023-12-29 00:49,2023-12-29 01:06,Business,Solapur,Pune,3.8,Errand/Supplies
2023-12-29 09:44,2023-12-29 10:07,Business,Coimbatore,Jabalpur,11.6,Meal/Entertain
2023-12-29 11:28,2023-12-29 12:00,Business,Guwahati,Lucknow,11.9,Meal/Entertain
2023-12-29 12:25,2023-12-29 12:33,Business,Agra,Rajkot,1.4,Errand/Supplies
2023-12-29 13:17,2023-12-29 13:24,Business,Thane,Hyderabad,1.1,Errand/Supplies
2023-12-29 13:56,2023-12-29 14:11,Business,Navi Mumbai,Indore,4.1,Airport/Travel
2023-12-29 14:42,2023-12-29 14:58,Business,Meerut,Nagpur,6.1,Between Offices
2023-12-29 15:05,2023-12-29 15:16,Business,Hyderabad,Rajkot,1.3,Errand/Supplies
2023-12-29 18:59,2023-12-29 19:14,Business,Dhanbad,Coimbatore,3.0,Meal/Entertain
2023-12-29 19:50,2023-12-29 20:10,Business,Kanpur,Allahabad,4.1,Customer Visit
2023-12-29 20:15,2023-12-29 20:45,Business,Howrah,Allahabad,7.2,Meeting
2023-12-29 20:53,2023-12-29 21:42,Business,Ahmedabad,Mysore,6.4,Meal/Entertain
2023-12-29 23:14,2023-12-29 23:47,Business,Nagpur,Jaipur,12.9,Meeting
2023-12-30 10:15,2023-12-30 10:33,Business,Indore,Faridabad,2.8,Errand/Supplies
2023-12-30 11:31,2023-12-30 11:56,Business,Patna,Vijayawada,2.9,Errand/Supplies
2023-12-30 15:41,2023-12-30 16:03,Business,Kalyan,Meerut,4.6,Errand/Supplies
2023-12-30 16:45,2023-12-30 17:08,Business,Bhopal,Coimbatore,4.6,Meeting
2023-12-30 23:06,2023-12-30 23:10,Business,Kota,Ghaziabad,0.8,Customer Visit
2023-12-31 01:07,2023-12-31 01:14,Business,Faridabad,Delhi,0.7,Meeting
2023-12-31 13:24,2023-12-31 13:42,Business,Hubli,Indore,3.9,Temporary Site
2023-12-31 15:03,2023-12-31 15:38,Business,Navi Mumbai,Varanasi,16.2,Meeting
2023-12-31 21:32,2023-12-31 21:50,Business,Lucknow,Nashik,6.4,Temporary Site
2023-12-31 22:08,2023-12-31 23:51,Business,Chennai,Hubli,48.2,Temporary Site
